dt,LandAverageTemperature,LandAverageTemperatureUncertainty
1750-01-01,3.034,3.574
1750-02-01,3.083,3.702
1750-03-01,5.626,3.076
1750-04-01,8.49,2.451
1750-05-01,11.573,2.072
1750-06-01,12.937,1.724
1750-07-01,15.868,1.911
1750-08-01,14.75,2.231
1750-09-01,11.413,2.637
1750-10-01,6.367,2.668
1750-11-01,,
1750-12-01,2.772,2.97
1751-01-01,2.495,3.469
1751-02-01,0.963,3.827
1751-03-01,5.8,3.051
1751-04-01,7.67,2.368
1751-05-01,,
1751-06-01,13.827,1.801
1751-07-01,,
1751-08-01,14.405,2.296
1751-09-01,10.673,2.656
1751-10-01,,
1751-11-01,,
1751-12-01,,
1752-01-01,0.348,3.789
1752-02-01,,
1752-03-01,5.806,3.192
1752-04-01,8.265,2.398
1752-05-01,,
1752-06-01,,
1752-07-01,,
1752-08-01,,
1752-09-01,,
1752-10-01,7.839,2.754
1752-11-01,7.335,2.747
1752-12-01,5.086,2.982
1753-01-01,2.039,3.478
1753-02-01,0.715,6.341
1753-03-01,5.424,2.929
1753-04-01,8.272,3.177
1753-05-01,12.186,3.111
1753-06-01,14.585,2.59
1753-07-01,15.092,1.929
1753-08-01,14.148,2.453
1753-09-01,13.322,2.538
1753-10-01,8.962,2.585
1753-11-01,5.353,2.807
1753-12-01,0.559,4.174
1754-01-01,1.574,5.02
1754-02-01,-1.249,7.492
1754-03-01,3.677,3.336
1754-04-01,11.61,3.293
1754-05-01,11.936,3.937
1754-06-01,14.388,3.366
1754-07-01,14.681,2.401
1754-08-01,13.556,1.892
1754-09-01,11.129,2.318
1754-10-01,9.582,2.529
1754-11-01,6.161,3.048
1754-12-01,4.587,3.299
1755-01-01,1.067,4.693
1755-02-01,-0.108,5.857
1755-03-01,3.607,3.909
1755-04-01,9.263,3.372
1755-05-01,12.881,4.151
1755-06-01,15.38,5.322
1755-07-01,14.397,1.936
1755-08-01,13.515,2.381
1755-09-01,11.773,3.416
1755-10-01,9.97,3.931
1755-11-01,5.958,4.021
1755-12-01,2.564,3.215
1756-01-01,3.887,3.513
1756-02-01,5.666,4.265
1756-03-01,4.192,5.574
1756-04-01,10.042,3.752
1756-05-01,14.164,2.608
1756-06-01,14.547,3.213
1756-07-01,13.906,2.192
1756-08-01,13.437,2.175
1756-09-01,12.652,2.954
1756-10-01,7.312,2.201
1756-11-01,4.225,2.86
1756-12-01,2.165,3.841
1757-01-01,-0.276,4.022
1757-02-01,3.704,4.261
1757-03-01,4.529,3.638
1757-04-01,8.246,4.304
1757-05-01,13.039,4.98
1757-06-01,17.115,4.59
1757-07-01,17.61,4.322
1757-08-01,17.91,4.035
1757-09-01,14.852,3.189
1757-10-01,6.482,3.173
1757-11-01,4.032,2.643
1757-12-01,1.021,5.155
1758-01-01,-1.503,7.349
1758-02-01,0.806,3.753
1758-03-01,3.765,3.368
1758-04-01,7.21,2.986
1758-05-01,9.715,3.091
1758-06-01,13.139,2.055
1758-07-01,13.847,3.608
1758-08-01,11.818,2.979
1758-09-01,10.028,2.347
1758-10-01,1.894,2.332
1758-11-01,6.955,3.243
1758-12-01,3.249,3.244
1759-01-01,5.014,3.673
1759-02-01,4.082,5.966
1759-03-01,4.52,3.958
1759-04-01,5.983,3.159
1759-05-01,10.189,2.503
1759-06-01,13.512,2.232
1759-07-01,12.526,2.65
1759-08-01,14.587,5.626
1759-09-01,12.626,3.235
1759-10-01,8.267,2.983
1759-11-01,4.268,3.167
1759-12-01,0.247,4.995
1760-01-01,-0.811,4.567
1760-02-01,2.436,3.535
1760-03-01,1.864,4.666
1760-04-01,7.436,2.669
1760-05-01,10.661,1.857
1760-06-01,11.945,2.14
1760-07-01,12.887,2.567
1760-08-01,13.917,2.789
1760-09-01,11.197,3.865
1760-10-01,6.701,3.422
1760-11-01,5.436,2.348
1760-12-01,2.553,2.642
1761-01-01,0.6,4.779
1761-02-01,2.735,3.775
1761-03-01,5.976,3.225
1761-04-01,7.321,1.652
1761-05-01,13.451,1.709
1761-06-01,16.821,3.166
1761-07-01,19.021,2.696
1761-08-01,15.331,2.013
1761-09-01,12.535,4.075
1761-10-01,7.227,3.932
1761-11-01,5.089,2.248
1761-12-01,-0.837,4.468
1762-01-01,6.866,3.776
1762-02-01,4.801,7.88
1762-03-01,3.528,4.139
1762-04-01,9.019,2.199
1762-05-01,10.881,3.044
1762-06-01,13.499,3.311
1762-07-01,14.72,1.966
1762-08-01,13.992,3.329
1762-09-01,10.326,3.226
1762-10-01,6.156,2.879
1762-11-01,6.367,3.354
1762-12-01,3.123,3.188
1763-01-01,1.369,6.415
1763-02-01,0.771,4.102
1763-03-01,1.576,4.635
1763-04-01,7.871,2.275
1763-05-01,10.701,2.736
1763-06-01,12.271,2.224
1763-07-01,16.391,1.754
1763-08-01,14.126,2.157
1763-09-01,11.378,2.827
1763-10-01,5.535,2.961
1763-11-01,4.588,2.08
1763-12-01,3.384,3.653
1764-01-01,1.741,3.628
1764-02-01,6.162,2.868
1764-03-01,5.521,2.488
1764-04-01,7.88,3.159
1764-05-01,11.175,4.55
1764-06-01,11.723,1.707
1764-07-01,12.507,3.256
1764-08-01,12.282,1.259
1764-09-01,10.696,2.236
1764-10-01,10.011,2.515
1764-11-01,5.791,2.828
1764-12-01,5.315,2.809
1765-01-01,3.78,4.928
1765-02-01,3.832,3.156
1765-03-01,6.859,2.442
1765-04-01,9.013,1.448
1765-05-01,10.734,1.928
1765-06-01,10.833,1.453
1765-07-01,13.953,2.375
1765-08-01,13.12,1.872
1765-09-01,10.993,1.705
1765-10-01,7.904,1.533
1765-11-01,5.603,3.737
1765-12-01,2.399,2.556
1766-01-01,-0.793,4.766
1766-02-01,4.896,3.741
1766-03-01,6.062,2.802
1766-04-01,8.007,2.084
1766-05-01,11.228,1.555
1766-06-01,13.653,3.745
1766-07-01,13.555,2.341
1766-08-01,13.758,2.598
1766-09-01,12.25,2.855
1766-10-01,8.465,1.491
1766-11-01,7.454,3.774
1766-12-01,2.333,2.278
1767-01-01,-0.643,5.656
1767-02-01,3.932,4.973
1767-03-01,7.022,4.418
1767-04-01,6.278,3.557
1767-05-01,10.193,1.501
1767-06-01,14.112,1.426
1767-07-01,13.361,2.559
1767-08-01,14.597,1.466
1767-09-01,11.675,2.313
1767-10-01,9.027,1.611
1767-11-01,7.915,3.775
1767-12-01,1.189,2.297
1768-01-01,-2.08,3.027
1768-02-01,0.506,3.04
1768-03-01,2.446,2.157
1768-04-01,6.92,1.84
1768-05-01,9.066,2.433
1768-06-01,12.49,1.729
1768-07-01,13.875,2.552
1768-08-01,12.352,2.046
1768-09-01,10.824,1.504
1768-10-01,7.729,2.558
1768-11-01,4.581,2.02
1768-12-01,2.667,2.286
1769-01-01,2.305,3.76
1769-02-01,2.164,2.527
1769-03-01,4.57,2.225
1769-04-01,8.967,3.105
1769-05-01,12.873,1.753
1769-06-01,15.142,1.727
1769-07-01,14.461,3.669
1769-08-01,13.494,1.604
1769-09-01,11.25,1.598
1769-10-01,5.297,2.395
1769-11-01,2.79,2.267
1769-12-01,-0.978,2.291
1770-01-01,1.974,4.275
1770-02-01,4.105,4.129
1770-03-01,1.612,2.276
1770-04-01,9.788,3.516
1770-05-01,9.996,1.27
1770-06-01,11.884,3.395
1770-07-01,11.621,2.658
1770-08-01,11.413,3.14
1770-09-01,10.724,1.51
1770-10-01,8.661,1.603
1770-11-01,5.791,2.726
1770-12-01,4.734,2.87
1771-01-01,5.101,4.287
1771-02-01,-0.274,3.218
1771-03-01,2.814,3.237
1771-04-01,5.717,2.647
1771-05-01,9.626,3.088
1771-06-01,14.104,1.403
1771-07-01,13.828,1.435
1771-08-01,14.204,2.246
1771-09-01,11.363,1.515
1771-10-01,10.317,1.721
1771-11-01,4.916,2.952
1771-12-01,2.522,3.506
1772-01-01,1.253,4.624
1772-02-01,1.478,5.963
1772-03-01,3.057,2.206
1772-04-01,8.858,1.524
1772-05-01,9.531,1.844
1772-06-01,12.647,2.429
1772-07-01,14.581,1.409
1772-08-01,14.098,1.641
1772-09-01,10.303,1.334
1772-10-01,9.268,1.386
1772-11-01,7.736,2.582
1772-12-01,5.512,2.624
1773-01-01,-0.437,2.933
1773-02-01,1.421,3.021
1773-03-01,4.422,2.083
1773-04-01,9.415,2.095
1773-05-01,12.764,2.537
1773-06-01,12.811,1.259
1773-07-01,14.484,1.085
1773-08-01,13.624,1.162
1773-09-01,12.488,1.676
1773-10-01,9.206,1.874
1773-11-01,3.369,4.817
1773-12-01,5.091,3.787
1774-01-01,-0.325,4.557
1774-02-01,4.914,5.124
1774-03-01,5.643,2.779
1774-04-01,10.153,3.849
1774-05-01,16.025,2.535
1774-06-01,15.371,3.891
1774-07-01,16.521,3.806
1774-08-01,14.099,1.947
1774-09-01,10.936,2.115
1774-10-01,8.59,2.625
1774-11-01,3.029,4.483
1774-12-01,0.31,3.271
1775-01-01,4.261,3.435
1775-02-01,6.427,3.139
1775-03-01,7.759,2.394
1775-04-01,7.952,1.538
1775-05-01,11.399,1.846
1775-06-01,12.314,2.805
1775-07-01,14.719,1.058
1775-08-01,14.435,1.093
1775-09-01,11.096,1.459
1775-10-01,10.372,2.116
1775-11-01,8.179,4.56
1775-12-01,1.284,2.404
1776-01-01,-0.806,4.467
1776-02-01,4.825,3.762
1776-03-01,4.652,2.388
1776-04-01,7.44,1.404
1776-05-01,10.475,5.237
1776-06-01,14.564,2.433
1776-07-01,14.108,1.303
1776-08-01,14.837,3.437
1776-09-01,10.602,2.065
1776-10-01,8.06,2.152
1776-11-01,5.87,2.788
1776-12-01,5.021,2.934
1777-01-01,6.021,3.11
1777-02-01,4.919,5.268
1777-03-01,5.572,2.307
1777-04-01,6.362,1.401
1777-05-01,11.389,2.117
1777-06-01,12.323,1.607
1777-07-01,12.743,1.078
1777-08-01,12.815,1.269
1777-09-01,11.379,2.692
1777-10-01,6.956,3.464
1777-11-01,5.529,2.276
1777-12-01,3.067,2.725
1778-01-01,2.521,3.544
1778-02-01,6.094,3.569
1778-03-01,4.604,4.151
1778-04-01,10.984,1.69
1778-05-01,11.286,1.673
1778-06-01,11.731,3.975
1778-07-01,15.037,2.216
1778-08-01,12.869,2.658
1778-09-01,13.377,2.35
1778-10-01,8.049,3.608
1778-11-01,3.854,2.675
1778-12-01,2.101,2.361
1779-01-01,1.47,2.802
1779-02-01,5.14,4.959
1779-03-01,6.967,3.017
1779-04-01,9.965,3.086
1779-05-01,14.18,1.863
1779-06-01,12.547,2.14
1779-07-01,13.659,1.858
1779-08-01,13.799,1.478
1779-09-01,12.683,1.809
1779-10-01,9.35,1.544
1779-11-01,5.77,2.258
1779-12-01,2.269,3.256
1780-01-01,2.515,3.438
1780-02-01,4.08,3.179
1780-03-01,5.724,2.381
1780-04-01,13.732,3.058
1780-05-01,15.757,1.419
1780-06-01,14.747,2.981
1780-07-01,16.183,1.3
1780-08-01,12.947,3.131
1780-09-01,8.844,2.104
1780-10-01,9.376,1.873
1780-11-01,6.706,2.596
1780-12-01,2.584,3.558
1781-01-01,2.401,4.948
1781-02-01,2.267,3.581
1781-03-01,4.772,2.443
1781-04-01,6.923,2.076
1781-05-01,11.102,1.838
1781-06-01,11.678,1.385
1781-07-01,14.285,1.696
1781-08-01,14.141,1.004
1781-09-01,10.304,3.69
1781-10-01,8.547,1.282
1781-11-01,7.523,1.676
1781-12-01,3.288,4.427
1782-01-01,0.341,3.547
1782-02-01,0.639,4.862
1782-03-01,2.565,2.221
1782-04-01,8.618,2.154
1782-05-01,10.99,1.474
1782-06-01,13.801,1.517
1782-07-01,13.925,2.96
1782-08-01,15.683,2.487
1782-09-01,12.398,1.728
1782-10-01,8.978,1.826
1782-11-01,4.956,2.473
1782-12-01,1.921,3.358
1783-01-01,-1.431,5.293
1783-02-01,5.294,3.683
1783-03-01,4.799,2.597
1783-04-01,8.574,1.564
1783-05-01,11.819,2.906
1783-06-01,14.34,1.541
1783-07-01,13.069,1.343
1783-08-01,13.971,1.613
1783-09-01,9.958,1.439
1783-10-01,7.357,2.621
1783-11-01,2.196,2.2
1783-12-01,2.224,3.133
1784-01-01,2.596,3.347
1784-02-01,0.989,2.842
1784-03-01,3.919,3.258
1784-04-01,8.142,1.272
1784-05-01,10.013,1.538
1784-06-01,12.803,1.8
1784-07-01,14.947,1.803
1784-08-01,15.861,2.595
1784-09-01,10.266,1.068
1784-10-01,6.836,1.68
1784-11-01,4.557,2.522
1784-12-01,3.415,3.343
1785-01-01,0.865,2.754
1785-02-01,1.045,2.408
1785-03-01,2.289,4.215
1785-04-01,6.379,1.45
1785-05-01,9.853,2.088
1785-06-01,13.744,2.653
1785-07-01,14.468,2.215
1785-08-01,14.466,2.046
1785-09-01,10.497,1.143
1785-10-01,7.351,1.732
1785-11-01,5.526,2.261
1785-12-01,1.873,1.909
1786-01-01,0.763,2.436
1786-02-01,2.657,2.463
1786-03-01,5.648,2.27
1786-04-01,9.318,3.079
1786-05-01,11.583,2.387
1786-06-01,13.035,1.295
1786-07-01,15.294,2.311
1786-08-01,14.455,3.35
1786-09-01,12.158,2.933
1786-10-01,7.712,1.438
1786-11-01,5.741,3.837
1786-12-01,0.733999999999999,2.506
1787-01-01,2.845,3.176
1787-02-01,2.563,2.842
1787-03-01,4.698,3.126
1787-04-01,7.772,1.522
1787-05-01,11.403,1.364
1787-06-01,14.369,2.099
1787-07-01,13.451,2.425
1787-08-01,13.555,1.437
1787-09-01,10.357,1.563
1787-10-01,7.772,3.312
1787-11-01,5.801,2.844
1787-12-01,1.796,2.631
1788-01-01,0.735,2.993
1788-02-01,3.581,4.039
1788-03-01,5.336,3.057
1788-04-01,8.714,2.657
1788-05-01,10.428,1.336
1788-06-01,13.808,1.262
1788-07-01,16.468,2.916
1788-08-01,13.885,1.532
1788-09-01,11.699,1.261
1788-10-01,9.349,2.132
1788-11-01,6.111,1.682
1788-12-01,1.252,5.827
1789-01-01,3.706,4.039
1789-02-01,1.675,2.576
1789-03-01,3.989,1.595
1789-04-01,7.694,1.507
1789-05-01,11.666,2.228
1789-06-01,13.507,1.042
1789-07-01,15.462,1.922
1789-08-01,13.84,1.298
1789-09-01,12.018,1.189
1789-10-01,7.39,1.836
1789-11-01,5.964,1.586
1789-12-01,3.099,1.606
1790-01-01,2.444,1.94
1790-02-01,2.973,2.598
1790-03-01,4.582,1.914
1790-04-01,6.053,2.314
1790-05-01,10.357,1.057
1790-06-01,13.746,1.226
1790-07-01,13.812,1.657
1790-08-01,13.925,1.269
1790-09-01,11.233,1.524
1790-10-01,8.577,1.297
1790-11-01,5.331,1.565
1790-12-01,2.755,2.899
1791-01-01,1.493,5.035
1791-02-01,3.466,2.44
1791-03-01,4.79,2.249
1791-04-01,9.127,1.617
1791-05-01,9.859,1.256
1791-06-01,13.231,1.314
1791-07-01,13.612,1.059
1791-08-01,13.744,0.807
1791-09-01,11.677,1.248
1791-10-01,8.08,1.019
1791-11-01,6.206,1.793
1791-12-01,3.526,1.568
1792-01-01,0.348,2.516
1792-02-01,3.62,2.434
1792-03-01,4.429,1.692
1792-04-01,7.994,1.368
1792-05-01,11.321,1.101
1792-06-01,13.581,1.406
1792-07-01,14.212,1.362
1792-08-01,12.281,1.395
1792-09-01,12.491,1.072
1792-10-01,8.097,1.39
1792-11-01,5.306,2.145
1792-12-01,3.388,2.524
1793-01-01,0.521,2.674
1793-02-01,4.745,2.624
1793-03-01,5.042,2.145
1793-04-01,8.643,1.904
1793-05-01,11.059,1.544
1793-06-01,13.146,1.91
1793-07-01,14.336,2.864
1793-08-01,13.16,1.746
1793-09-01,12.002,2.325
1793-10-01,8.393,1.661
1793-11-01,5.666,3.635
1793-12-01,2.037,2.261
1794-01-01,3.71,3.869
1794-02-01,3.605,5.138
1794-03-01,5.696,1.805
1794-04-01,9.367,1.219
1794-05-01,12.376,1.063
1794-06-01,11.994,1.159
1794-07-01,12.874,1.283
1794-08-01,13.484,0.989
1794-09-01,11.896,1.57
1794-10-01,9.108,1.29
1794-11-01,5.284,2.087
1794-12-01,2.918,2.276
1795-01-01,2.731,2.506
1795-02-01,4.39,3.336
1795-03-01,5.709,1.959
1795-04-01,8.918,1.88
1795-05-01,11.029,2.444
1795-06-01,13.293,0.987
1795-07-01,14.295,2.165
1795-08-01,13.14,1.135
1795-09-01,11.133,1.397
1795-10-01,7.786,2.202
1795-11-01,5.207,2.269
1795-12-01,2.573,2.24
1796-01-01,2.844,2.096
1796-02-01,2.736,2.019
1796-03-01,3.477,2.044
1796-04-01,7.773,1.16
1796-05-01,11.273,0.955
1796-06-01,14.216,2.923
1796-07-01,14.314,0.964
1796-08-01,14.722,2.777
1796-09-01,12.012,1.919
1796-10-01,8.924,1.283
1796-11-01,5.702,1.456
1796-12-01,1.259,3.452
1797-01-01,4.396,2.397
1797-02-01,4.957,2.564
1797-03-01,4.056,2.948
1797-04-01,6.6,3.311
1797-05-01,10.417,2.432
1797-06-01,13.852,1.014
1797-07-01,14.107,1.613
1797-08-01,14.04,1.713
1797-09-01,12.459,1.772
1797-10-01,9.191,1.332
1797-11-01,4.777,1.727
1797-12-01,3.275,1.725
1798-01-01,2.679,1.967
1798-02-01,3.213,2.034
1798-03-01,7.008,2.537
1798-04-01,8.083,1.85
1798-05-01,11.769,2.029
1798-06-01,13.246,0.793
1798-07-01,14.951,1.281
1798-08-01,14.754,2.047
1798-09-01,11.627,1.687
1798-10-01,8.655,1.024
1798-11-01,6.031,2.629
1798-12-01,2.027,2.962
1799-01-01,1.923,2.229
1799-02-01,2.078,2.891
1799-03-01,3.986,1.562
1799-04-01,8.786,2.533
1799-05-01,11.353,1.545
1799-06-01,13.68,0.873
1799-07-01,14.869,1.308
1799-08-01,14.086,1.083
1799-09-01,12.311,1.378
1799-10-01,9.606,1.369
1799-11-01,5.904,1.894
1799-12-01,3.487,2.196
1800-01-01,2.815,1.844
1800-02-01,3.634,2.6
1800-03-01,4.452,2.613
1800-04-01,9.125,2.168
1800-05-01,11.097,1.725
1800-06-01,13.606,1.169
1800-07-01,13.763,0.933
1800-08-01,13.619,1.417
1800-09-01,10.795,1.62
1800-10-01,9.469,1.643
1800-11-01,5.572,1.264
1800-12-01,3.864,1.628
1801-01-01,2.687,1.922
1801-02-01,3.149,2.045
1801-03-01,6.455,1.336
1801-04-01,7.404,1.619
1801-05-01,12.123,1.541
1801-06-01,12.536,0.877
1801-07-01,14.676,1.56
1801-08-01,13.187,1.223
1801-09-01,11.462,1.384
1801-10-01,9.099,1.267
1801-11-01,5.72,1.681
1801-12-01,4.578,2.525
1802-01-01,3.74,1.905
1802-02-01,2.828,2.053
1802-03-01,5.201,2.706
1802-04-01,7.623,1.464
1802-05-01,10.457,1.82
1802-06-01,14.471,1.253
1802-07-01,14.628,1.155
1802-08-01,14.039,1.586
1802-09-01,11.788,2.141
1802-10-01,9.747,1.612
1802-11-01,5.535,2.146
1802-12-01,2.881,2.347
1803-01-01,0.602,2.026
1803-02-01,1.443,2.887
1803-03-01,4.875,2.061
1803-04-01,9.291,1.914
1803-05-01,11.795,0.898
1803-06-01,13.821,0.766
1803-07-01,15.106,0.944
1803-08-01,15.366,1.252
1803-09-01,12.33,1.259
1803-10-01,9.119,1.479
1803-11-01,5.961,1.843
1803-12-01,2.327,2.269
1804-01-01,2.445,2.683
1804-02-01,1.939,2.293
1804-03-01,4.425,2.186
1804-04-01,10.057,1.117
1804-05-01,12.107,1.274
1804-06-01,13.774,1.58
1804-07-01,15.774,1.318
1804-08-01,14.511,1.08
1804-09-01,12.468,2.644
1804-10-01,9.282,1.231
1804-11-01,7.132,2.099
1804-12-01,2.224,2.597
1805-01-01,2.822,2.512
1805-02-01,2.557,2.455
1805-03-01,5.76,1.498
1805-04-01,8.123,1.291
1805-05-01,11.104,1.216
1805-06-01,14.027,1.368
1805-07-01,14.702,1.151
1805-08-01,15.27,1.021
1805-09-01,12.039,1.831
1805-10-01,7.636,1.603
1805-11-01,4.555,2.399
1805-12-01,4.158,1.922
1806-01-01,2.917,2.167
1806-02-01,2.937,2.079
1806-03-01,4.691,1.557
1806-04-01,8.032,1.772
1806-05-01,11.503,1.426
1806-06-01,12.418,0.837
1806-07-01,13.923,1.505
1806-08-01,14.593,1.361
1806-09-01,12.549,1.753
1806-10-01,8.426,1.113
1806-11-01,5.231,1.542
1806-12-01,3.989,1.729
1807-01-01,1.055,2.393
1807-02-01,4.094,2.677
1807-03-01,4.788,2.253
1807-04-01,6.971,1.26
1807-05-01,9.331,0.93
1807-06-01,13.293,1.271
1807-07-01,14.138,1.605
1807-08-01,13.799,1.525
1807-09-01,12.615,1.18
1807-10-01,8.857,1.193
1807-11-01,6.015,1.588
1807-12-01,4.421,1.232
1808-01-01,1.131,4.111
1808-02-01,2.142,2.175
1808-03-01,4.361,3.02
1808-04-01,7.482,1.459
1808-05-01,9.357,2.068
1808-06-01,13.429,1.585
1808-07-01,14.491,1.676
1808-08-01,13.047,1.227
1808-09-01,12.711,1.688
1808-10-01,7.972,1.48
1808-11-01,4.512,1.772
1808-12-01,0.887,1.701
1809-01-01,0.208,2.59
1809-02-01,0.856,2.818
1809-03-01,3.425,1.666
1809-04-01,7.833,2.498
1809-05-01,9.243,1.304
1809-06-01,12.998,1.348
1809-07-01,12.656,1.481
1809-08-01,12.905,1.667
1809-09-01,10.967,1.633
1809-10-01,8.65,3.554
1809-11-01,3.099,2.478
1809-12-01,2.077,2.588
1810-01-01,0.888,3.258
1810-02-01,2.391,2.403
1810-03-01,5.014,4.457
1810-04-01,6.533,2.229
1810-05-01,9.069,1.907
1810-06-01,11.934,2.281
1810-07-01,12.551,2.016
1810-08-01,12.041,1.212
1810-09-01,9.532,1.247
1810-10-01,6.632,1.989
1810-11-01,3.827,2.64
1810-12-01,2.66,2.093
1811-01-01,1.374,2.323
1811-02-01,0.45,3.475
1811-03-01,3.701,1.808
1811-04-01,6.302,1.422
1811-05-01,9.443,1.663
1811-06-01,12.137,1.706
1811-07-01,11.956,1.383
1811-08-01,13.326,2.289
1811-09-01,10.368,1.931
1811-10-01,6.58,2.863
1811-11-01,3.503,1.802
1811-12-01,3.174,2.484
1812-01-01,0.977,4.545
1812-02-01,0.131,3.062
1812-03-01,2.044,1.805
1812-04-01,6.95,1.984
1812-05-01,9.58,1.279
1812-06-01,12.005,1.174
1812-07-01,14.355,1.463
1812-08-01,15.018,1.746
1812-09-01,10.185,2.052
1812-10-01,7.593,1.793
1812-11-01,4.369,2.585
1812-12-01,1.348,2.139
1813-01-01,-1.385,2.191
1813-02-01,2.258,1.958
1813-03-01,1.596,1.622
1813-04-01,8.182,1.486
1813-05-01,11.367,3.826
1813-06-01,13.242,1.138
1813-07-01,14.521,0.877
1813-08-01,13.097,0.995
1813-09-01,12.339,1.743
1813-10-01,8.666,1.565
1813-11-01,6.825,1.315
1813-12-01,2.171,1.79
1814-01-01,1.502,2.622
1814-02-01,1.689,2.121
1814-03-01,2.664,2.259
1814-04-01,7.193,1.5
1814-05-01,9.417,2.321
1814-06-01,12.818,0.989
1814-07-01,12.532,1.852
1814-08-01,12.668,1.453
1814-09-01,10.676,1.332
1814-10-01,7.374,1.847
1814-11-01,6.739,3.428
1814-12-01,5.829,4.298
1815-01-01,2.051,2.033
1815-02-01,2.273,2.386
1815-03-01,3.663,2.328
1815-04-01,6.588,2.341
1815-05-01,9.845,1.812
1815-06-01,11.162,1.242
1815-07-01,14.394,2.371
1815-08-01,13.209,1.348
1815-09-01,11.151,1.503
1815-10-01,7.137,2.295
1815-11-01,4.178,1.732
1815-12-01,1.221,2.207
1816-01-01,2.737,2.724
1816-02-01,0.676,2.947
1816-03-01,3.905,1.928
1816-04-01,7.606,2.129
1816-05-01,10.594,1.804
1816-06-01,11.79,1.087
1816-07-01,12.267,1.538
1816-08-01,12.57,1.257
1816-09-01,10.39,0.707
1816-10-01,5.699,3.583
1816-11-01,4.058,3.81
1816-12-01,0.958,2.801
1817-01-01,1.54,2.451
1817-02-01,3.649,2.547
1817-03-01,4.569,2.153
1817-04-01,7.889,1.836
1817-05-01,9.476,1.394
1817-06-01,11.287,1.25
1817-07-01,12.072,1.057
1817-08-01,13.403,1.307
1817-09-01,8.812,1.178
1817-10-01,6.203,1.963
1817-11-01,4.638,1.691
1817-12-01,0.17,1.673
1818-01-01,1.204,1.775
1818-02-01,0.755,1.912
1818-03-01,5.565,2.177
1818-04-01,9.901,2.662
1818-05-01,11.247,1.457
1818-06-01,13.825,2.26
1818-07-01,13.51,1.9
1818-08-01,13.166,0.996
1818-09-01,10.578,1.063
1818-10-01,6.654,1.704
1818-11-01,5.035,2.807
1818-12-01,2.507,1.236
1819-01-01,1.014,1.984
1819-02-01,2.286,1.995
1819-03-01,2.931,2.93
1819-04-01,7.029,1.344
1819-05-01,9.851,1.112
1819-06-01,12.526,1.539
1819-07-01,13.038,1.17
1819-08-01,12.557,1.124
1819-09-01,10.894,1.052
1819-10-01,9.312,1.223
1819-11-01,5.15,1.627
1819-12-01,1.842,1.883
1820-01-01,1.236,3.9
1820-02-01,2.145,2.004
1820-03-01,4.618,1.945
1820-04-01,8.7,1.168
1820-05-01,11.62,1.256
1820-06-01,13.323,0.912
1820-07-01,13.311,1.375
1820-08-01,11.978,1.317
1820-09-01,11.16,1.176
1820-10-01,7.588,1.605
1820-11-01,4.443,1.074
1820-12-01,1.273,1.693
1821-01-01,2.999,1.549
1821-02-01,3.758,2.018
1821-03-01,5.462,1.275
1821-04-01,7.739,0.858
1821-05-01,11.3,1.392
1821-06-01,12.608,1.424
1821-07-01,13.039,1.289
1821-08-01,13.145,1.482
1821-09-01,10.178,1.219
1821-10-01,8.535,0.924
1821-11-01,5.601,1.802
1821-12-01,2.717,1.278
1822-01-01,2.759,2.416
1822-02-01,4.465,1.83
1822-03-01,7.787,2.016
1822-04-01,8.278,1.295
1822-05-01,10.486,1.159
1822-06-01,13.067,0.899
1822-07-01,14.212,1.068
1822-08-01,13.215,0.896
1822-09-01,10.695,0.869
1822-10-01,7.774,1.163
1822-11-01,4.501,1.345
1822-12-01,1.021,1.547
1823-01-01,1.758,1.796
1823-02-01,1.966,1.93
1823-03-01,5.068,1.192
1823-04-01,7.665,1.677
1823-05-01,10.563,0.922
1823-06-01,13.958,1.125
1823-07-01,14.197,1.026
1823-08-01,13.13,0.694
1823-09-01,10.198,1.083
1823-10-01,7.642,1.24
1823-11-01,4.508,2.079
1823-12-01,1.971,1.583
1824-01-01,2.651,1.432
1824-02-01,2.679,1.784
1824-03-01,5.357,1.355
1824-04-01,8.375,1.288
1824-05-01,11.132,1.136
1824-06-01,13.427,1.953
1824-07-01,14.83,2.158
1824-08-01,13.437,0.924
1824-09-01,11.528,1.557
1824-10-01,8.197,0.774
1824-11-01,5.877,1.199
1824-12-01,5.076,1.814
1825-01-01,3.213,1.913
1825-02-01,3.092,1.479
1825-03-01,5.365,1.646
1825-04-01,8.988,1.964
1825-05-01,10.751,1.325
1825-06-01,13.765,1.049
1825-07-01,14.007,1.163
1825-08-01,13.269,1.335
1825-09-01,11.148,0.978
1825-10-01,7.979,1.261
1825-11-01,6.058,2.412
1825-12-01,3.037,1.569
1826-01-01,1.893,1.68
1826-02-01,1.533,1.619
1826-03-01,4.888,1.669
1826-04-01,8.403,2.204
1826-05-01,11.804,0.826
1826-06-01,13.02,1.539
1826-07-01,14.482,1.134
1826-08-01,13.109,1.511
1826-09-01,11.178,1.779
1826-10-01,8.459,1.789
1826-11-01,6.634,1.145
1826-12-01,4.876,1.82
1827-01-01,3.593,2.328
1827-02-01,4.415,1.952
1827-03-01,6.141,1.356
1827-04-01,9.429,2.669
1827-05-01,11.807,1.393
1827-06-01,13.548,1.228
1827-07-01,14.684,0.662
1827-08-01,13.694,0.79
1827-09-01,10.883,0.66
1827-10-01,8.51,1.222
1827-11-01,6.279,1.236
1827-12-01,2.722,1.827
1828-01-01,0.595,2.036
1828-02-01,1.853,2.002
1828-03-01,5.729,1.871
1828-04-01,8.737,1.471
1828-05-01,11.281,1.412
1828-06-01,14.124,1.081
1828-07-01,14.384,1.753
1828-08-01,13.635,0.975
1828-09-01,10.08,1.078
1828-10-01,8.656,1.832
1828-11-01,5.957,1.765
1828-12-01,2.953,2.505
1829-01-01,2.032,1.931
1829-02-01,1.715,1.959
1829-03-01,5.061,1.294
1829-04-01,7.815,1
1829-05-01,11.336,1.123
1829-06-01,12.86,1.312
1829-07-01,14.225,0.912
1829-08-01,13.399,0.86
1829-09-01,10.598,0.776
1829-10-01,8.806,1.312
1829-11-01,5.003,1.449
1829-12-01,2.452,1.909
1830-01-01,2.957,2.346
1830-02-01,4.085,1.896
1830-03-01,4.454,1.369
1830-04-01,8.841,1.098
1830-05-01,10.202,1.01
1830-06-01,12.827,1.718
1830-07-01,14.942,1.839
1830-08-01,13.386,0.643
1830-09-01,10.54,1.023
1830-10-01,7.993,1.18
1830-11-01,7.493,1.728
1830-12-01,4.481,1.327
1831-01-01,2.182,2.217
1831-02-01,2.479,3.541
1831-03-01,4.558,1.616
1831-04-01,7.731,0.908
1831-05-01,10.994,1.285
1831-06-01,13.203,1.882
1831-07-01,13.58,1.172
1831-08-01,12.49,0.793
1831-09-01,9.946,0.954
1831-10-01,7.83,1.068
1831-11-01,4.412,1.358
1831-12-01,2.265,1.584
1832-01-01,1.717,1.757
1832-02-01,1.833,1.656
1832-03-01,4.65,1.374
1832-04-01,8.059,1.059
1832-05-01,10.489,1.252
1832-06-01,12.857,1.126
1832-07-01,13.727,2.067
1832-08-01,11.966,1.309
1832-09-01,10.426,1.194
1832-10-01,8.634,0.983
1832-11-01,4.262,1.914
1832-12-01,0.782,2.794
1833-01-01,2.006,1.76
1833-02-01,2.815,1.354
1833-03-01,4.521,1.367
1833-04-01,7.869,1.076
1833-05-01,10.581,0.961
1833-06-01,13.049,0.883
1833-07-01,13.803,1.42
1833-08-01,13.222,0.835
1833-09-01,11.236,0.819
1833-10-01,7.9,1.108
1833-11-01,6.596,1.388
1833-12-01,2.558,1.831
1834-01-01,0.334,2.032
1834-02-01,2.329,1.483
1834-03-01,5.736,1.28
1834-04-01,8.085,1.11
1834-05-01,11.234,0.697
1834-06-01,12.799,0.761
1834-07-01,14.197,1.186
1834-08-01,13.412,0.866
1834-09-01,11.571,0.731
1834-10-01,8.617,0.773
1834-11-01,6.355,1.849
1834-12-01,3.092,1.059
1835-01-01,2.551,1.755
1835-02-01,2.967,1.464
1835-03-01,4.507,1.136
1835-04-01,7.769,1.079
1835-05-01,10.171,1.447
1835-06-01,12.007,0.992
1835-07-01,13.129,0.693
1835-08-01,12.322,0.805
1835-09-01,9.942,0.925
1835-10-01,7.835,1.021
1835-11-01,4.312,1.419
1835-12-01,1.198,2.568
1836-01-01,1.67,1.698
1836-02-01,2.371,1.611
1836-03-01,5.448,1.208
1836-04-01,7.315,0.983
1836-05-01,10.279,1.297
1836-06-01,12.549,0.893
1836-07-01,13.646,0.6
1836-08-01,12.83,1.362
1836-09-01,10.812,0.975
1836-10-01,8.756,1.131
1836-11-01,3.814,1.192
1836-12-01,2.86,1.083
1837-01-01,1.94,2.033
1837-02-01,2.619,1.893
1837-03-01,3.865,1.326
1837-04-01,6.556,1.017
1837-05-01,9.973,1.574
1837-06-01,12.099,0.798
1837-07-01,13.526,1.618
1837-08-01,13.018,1.224
1837-09-01,10.805,0.664
1837-10-01,7.653,0.851
1837-11-01,4.169,1.307
1837-12-01,2.285,1.186
1838-01-01,-0.557,1.999
1838-02-01,1.563,1.622
1838-03-01,3.723,1.472
1838-04-01,7.383,1.339
1838-05-01,9.985,0.822
1838-06-01,12.742,0.631
1838-07-01,14.367,0.884
1838-08-01,13.568,0.986
1838-09-01,11.106,0.889
1838-10-01,8.526,1.021
1838-11-01,5.16,1.044
1838-12-01,2.613,1.239
1839-01-01,2.156,1.681
1839-02-01,3.482,1.546
1839-03-01,2.673,1.493
1839-04-01,7.892,0.92
1839-05-01,10.289,0.68
1839-06-01,12.548,0.839
1839-07-01,14.411,0.942
1839-08-01,14.07,1.296
1839-09-01,10.853,0.714
1839-10-01,8.219,0.972
1839-11-01,3.92,1.451
1839-12-01,1.074,1.619
1840-01-01,2.561,1.468
1840-02-01,2.102,1.561
1840-03-01,4.04,1.469
1840-04-01,7.943,0.776
1840-05-01,11.173,0.698
1840-06-01,13.411,1.028
1840-07-01,14.714,0.462
1840-08-01,13.086,0.936
1840-09-01,11.01,0.586
1840-10-01,7.505,0.853
1840-11-01,4.101,0.982
1840-12-01,1.909,1.075
1841-01-01,0.649,1.761
1841-02-01,2.468,1.602
1841-03-01,3.307,1.324
1841-04-01,6.77,0.942
1841-05-01,10.764,0.573
1841-06-01,13.062,0.64
1841-07-01,14.552,0.737
1841-08-01,13.708,0.749
1841-09-01,10.921,0.583
1841-10-01,8.765,0.654
1841-11-01,4.744,0.878
1841-12-01,2.548,0.981
1842-01-01,1.636,1.64
1842-02-01,2.787,1.56
1842-03-01,5.75,1.164
1842-04-01,8.31,0.76
1842-05-01,10.535,0.643
1842-06-01,12.629,0.661
1842-07-01,13.584,0.509
1842-08-01,13.241,0.642
1842-09-01,10.94,0.677
1842-10-01,8.307,0.759
1842-11-01,4.824,0.792
1842-12-01,3.73,0.963
1843-01-01,2.974,1.212
1843-02-01,3.92,1.045
1843-03-01,4.744,0.88
1843-04-01,7.83,0.691
1843-05-01,10.04,0.636
1843-06-01,12.53,0.523
1843-07-01,13.991,0.545
1843-08-01,13.295,0.564
1843-09-01,11.326,0.534
1843-10-01,8.722,0.596
1843-11-01,4.947,0.775
1843-12-01,3.765,0.997
1844-01-01,1.868,1.17
1844-02-01,2.038,1.137
1844-03-01,4.734,0.999
1844-04-01,7.389,0.81
1844-05-01,10.109,0.648
1844-06-01,12.84,0.724
1844-07-01,13.921,0.605
1844-08-01,13.046,0.692
1844-09-01,10.819,0.817
1844-10-01,8.7,0.919
1844-11-01,4.401,1.327
1844-12-01,1.891,1.264
1845-01-01,2.661,1.364
1845-02-01,1.627,1.226
1845-03-01,4.651,0.882
1845-04-01,8.158,0.731
1845-05-01,10.433,0.772
1845-06-01,12.863,0.631
1845-07-01,14.319,0.725
1845-08-01,13.556,0.561
1845-09-01,11.234,0.536
1845-10-01,7.782,0.652
1845-11-01,5.194,1.155
1845-12-01,1.736,1.343
1846-01-01,3.213,1.47
1846-02-01,3.376,1.177
1846-03-01,6.314,1.031
1846-04-01,7.473,1.729
1846-05-01,10.896,0.844
1846-06-01,13.53,1.143
1846-07-01,14.923,0.737
1846-08-01,14.121,0.765
1846-09-01,11.738,0.716
1846-10-01,8.229,0.876
1846-11-01,5.044,1.039
1846-12-01,3.776,1.094
1847-01-01,2.753,1.269
1847-02-01,3.602,1.383
1847-03-01,4.046,1.583
1847-04-01,7.98,0.998
1847-05-01,10.622,0.752
1847-06-01,12.828,0.428
1847-07-01,14.25,0.6
1847-08-01,13.414,0.657
1847-09-01,11.619,0.528
1847-10-01,8.618,0.844
1847-11-01,5.574,0.778
1847-12-01,1.726,0.988
1848-01-01,0.51,1.341
1848-02-01,3.726,1.437
1848-03-01,4.806,0.967
1848-04-01,8.11,1.054
1848-05-01,10.58,0.584
1848-06-01,13.247,0.583
1848-07-01,14.466,0.613
1848-08-01,13.268,0.709
1848-09-01,10.997,0.623
1848-10-01,8.655,0.837
1848-11-01,5.29,0.748
1848-12-01,2.099,0.96
1849-01-01,1.941,1.308
1849-02-01,2.638,1.345
1849-03-01,5.302,1.06
1849-04-01,7.028,0.845
1849-05-01,10.159,0.644
1849-06-01,13,0.659
1849-07-01,14.458,0.678
1849-08-01,13.603,0.902
1849-09-01,11.093,0.568
1849-10-01,8.89,0.733
1849-11-01,5.778,1.313
1849-12-01,1.923,0.908
1850-01-01,0.749,1.105
1850-02-01,3.071,1.275
1850-03-01,4.954,0.955
1850-04-01,7.217,0.665
1850-05-01,10.004,0.617
1850-06-01,13.15,0.614
1850-07-01,14.492,0.614
1850-08-01,14.039,0.802
1850-09-01,11.505,0.675
1850-10-01,8.091,0.863
1850-11-01,4.733,1.149
1850-12-01,2.803,1.183
1851-01-01,2.431,1.122
1851-02-01,2.508,1.1
1851-03-01,4.192,0.971
1851-04-01,7.287,0.829
1851-05-01,11.113,0.936
1851-06-01,13.418,0.655
1851-07-01,14.531,0.606
1851-08-01,13.751,0.775
1851-09-01,11.677,0.581
1851-10-01,9.122,1.058
1851-11-01,4.973,0.968
1851-12-01,3.14,0.982
1852-01-01,2.376,1.389
1852-02-01,2.54,1.115
1852-03-01,3.884,0.915
1852-04-01,7.487,1.158
1852-05-01,11.169,0.855
1852-06-01,13.164,0.636
1852-07-01,14.512,0.778
1852-08-01,13.304,0.766
1852-09-01,11.478,0.689
1852-10-01,8.91,0.654
1852-11-01,4.593,0.693
1852-12-01,3.785,1.371
1853-01-01,1.786,1.108
1853-02-01,2.228,1.492
1853-03-01,4.078,0.918
1853-04-01,7.541,0.824
1853-05-01,10.975,0.743
1853-06-01,13.41,0.674
1853-07-01,14.645,0.659
1853-08-01,13.953,0.723
1853-09-01,11.71,0.749
1853-10-01,8.535,0.546
1853-11-01,4.783,0.868
1853-12-01,2.858,0.716
1854-01-01,1.281,0.977
1854-02-01,1.941,1.08
1854-03-01,4.698,0.789
1854-04-01,7.622,0.674
1854-05-01,11.095,0.638
1854-06-01,12.829,0.533
1854-07-01,14.692,0.85
1854-08-01,13.889,0.898
1854-09-01,11.514,0.552
1854-10-01,9.763,0.964
1854-11-01,5.745,0.786
1854-12-01,3.457,1.167
1855-01-01,2.522,1.465
1855-02-01,2.982,1.322
1855-03-01,4.617,0.898
1855-04-01,8.58,1.034
1855-05-01,11.186,0.799
1855-06-01,12.984,0.79
1855-07-01,13.926,0.635
1855-08-01,13.547,0.601
1855-09-01,11.141,0.638
1855-10-01,8.444,0.778
1855-11-01,5.186,0.69
1855-12-01,2.214,0.996
1856-01-01,2.76,0.752
1856-02-01,2.226,0.953
1856-03-01,4.372,0.735
1856-04-01,7.751,0.57
1856-05-01,10.53,0.915
1856-06-01,13.496,0.778
1856-07-01,14.019,0.422
1856-08-01,13.021,0.866
1856-09-01,10.948,0.884
1856-10-01,8.087,0.759
1856-11-01,5.36,0.577
1856-12-01,3.381,0.918
1857-01-01,1.821,0.924
1857-02-01,2.481,0.885
1857-03-01,4.312,0.844
1857-04-01,6.827,0.543
1857-05-01,9.885,0.681
1857-06-01,12.611,0.798
1857-07-01,13.953,0.792
1857-08-01,13.203,0.795
1857-09-01,11.056,0.672
1857-10-01,8.198,0.726
1857-11-01,5.236,0.636
1857-12-01,3.515,0.717
1858-01-01,2.739,1.094
1858-02-01,2.284,0.662
1858-03-01,4.834,0.757
1858-04-01,8.25,0.661
1858-05-01,10.851,0.624
1858-06-01,12.956,0.688
1858-07-01,13.677,0.754
1858-08-01,13.22,0.558
1858-09-01,11.148,0.517
1858-10-01,8.81,0.62
1858-11-01,5.99,0.774
1858-12-01,2.444,0.688
1859-01-01,2.015,1.007
1859-02-01,2.611,1
1859-03-01,5.023,0.916
1859-04-01,8.542,0.617
1859-05-01,11.456,0.616
1859-06-01,13.142,0.514
1859-07-01,13.827,0.567
1859-08-01,13.217,0.468
1859-09-01,11.08,0.365
1859-10-01,8.834,0.638
1859-11-01,5.912,0.572
1859-12-01,3.365,0.816
1860-01-01,2.077,0.86
1860-02-01,2.632,0.75
1860-03-01,3.494,0.87
1860-04-01,7.76,0.46
1860-05-01,11.062,0.744
1860-06-01,13.272,0.548
1860-07-01,14.203,0.471
1860-08-01,13.765,0.503
1860-09-01,11.892,0.535
1860-10-01,8.712,0.466
1860-11-01,5.027,0.555
1860-12-01,1.634,0.75
1861-01-01,0.404,0.846
1861-02-01,2.137,0.755
1861-03-01,4.489,0.759
1861-04-01,7.487,0.699
1861-05-01,10.516,0.538
1861-06-01,13.017,0.798
1861-07-01,13.967,0.477
1861-08-01,13.656,0.576
1861-09-01,11.409,0.501
1861-10-01,8.475,0.494
1861-11-01,5.707,0.482
1861-12-01,2.894,0.916
1862-01-01,0.685,1.105
1862-02-01,1.769,0.712
1862-03-01,4.485,0.661
1862-04-01,7.323,0.827
1862-05-01,10.739,0.58
1862-06-01,12.86,0.535
1862-07-01,13.928,0.445
1862-08-01,13.188,0.504
1862-09-01,11.028,0.519
1862-10-01,8.283,0.618
1862-11-01,4.792,0.751
1862-12-01,1.623,1.01
1863-01-01,3.034,1.228
1863-02-01,3.253,1.099
1863-03-01,4.682,0.783
1863-04-01,7.931,0.792
1863-05-01,11.081,0.687
1863-06-01,12.794,0.542
1863-07-01,13.765,0.642
1863-08-01,13.294,0.523
1863-09-01,11.23,0.556
1863-10-01,8.235,0.521
1863-11-01,5.392,0.515
1863-12-01,2.651,1.088
1864-01-01,1.551,0.876
1864-02-01,2.506,1.05
1864-03-01,4.651,0.767
1864-04-01,7.515,0.622
1864-05-01,10.956,0.531
1864-06-01,13.365,0.73
1864-07-01,14.162,0.57
1864-08-01,13.434,0.566
1864-09-01,11.37,0.546
1864-10-01,8.795,0.484
1864-11-01,5.232,0.699
1864-12-01,2.266,0.676
1865-01-01,2.975,0.956
1865-02-01,2.152,0.832
1865-03-01,4.039,0.768
1865-04-01,7.314,0.643
1865-05-01,10.917,0.488
1865-06-01,13.214,0.586
1865-07-01,14.22,0.542
1865-08-01,13.58,0.535
1865-09-01,11.797,0.554
1865-10-01,9.136,0.444
1865-11-01,6.144,0.71
1865-12-01,2.646,0.888
1866-01-01,2.932,0.861
1866-02-01,2.274,0.854
1866-03-01,4.421,0.711
1866-04-01,7.914,0.531
1866-05-01,10.898,0.566
1866-06-01,12.853,0.432
1866-07-01,14.602,0.44
1866-08-01,13.532,0.629
1866-09-01,11.527,0.496
1866-10-01,8.506,0.512
1866-11-01,5.895,0.526
1866-12-01,4.152,0.714
1867-01-01,2.482,0.941
1867-02-01,2.664,0.936
1867-03-01,4.454,0.65
1867-04-01,8.258,0.611
1867-05-01,10.495,0.414
1867-06-01,13.303,0.482
1867-07-01,14.223,0.401
1867-08-01,13.506,0.417
1867-09-01,11.763,0.458
1867-10-01,9.212,0.479
1867-11-01,6.939,0.784
1867-12-01,3.937,1.045
1868-01-01,1.834,0.795
1868-02-01,2.039,0.849
1868-03-01,4.538,0.578
1868-04-01,8.183,0.493
1868-05-01,11.308,0.494
1868-06-01,13.162,0.375
1868-07-01,14.514,0.431
1868-08-01,13.744,0.552
1868-09-01,11.669,0.418
1868-10-01,9.448,0.428
1868-11-01,5.192,0.504
1868-12-01,3.344,0.639
1869-01-01,2.115,1.028
1869-02-01,3.864,0.82
1869-03-01,4.374,0.631
1869-04-01,7.921,0.758
1869-05-01,11.295,0.642
1869-06-01,13.537,0.532
1869-07-01,14.337,0.449
1869-08-01,14.01,0.437
1869-09-01,12.247,0.382
1869-10-01,9.006,0.456
1869-11-01,5.773,0.499
1869-12-01,2.706,0.514
1870-01-01,2.082,0.808
1870-02-01,2.134,0.704
1870-03-01,4.656,0.568
1870-04-01,7.879,0.524
1870-05-01,11.339,0.579
1870-06-01,13.653,0.486
1870-07-01,14.599,0.4
1870-08-01,13.484,0.411
1870-09-01,11.952,0.412
1870-10-01,8.81,0.542
1870-11-01,5.6,0.529
1870-12-01,2.228,0.639
1871-01-01,1.447,0.793
1871-02-01,1.736,0.94
1871-03-01,4.685,0.649
1871-04-01,8.34,0.461
1871-05-01,10.788,0.451
1871-06-01,13.08,0.392
1871-07-01,14.29,0.382
1871-08-01,13.932,0.449
1871-09-01,11.711,0.516
1871-10-01,9.096,0.412
1871-11-01,5.113,0.825
1871-12-01,3.163,0.573
1872-01-01,1.652,0.996
1872-02-01,2.35,0.856
1872-03-01,4.922,0.611
1872-04-01,7.846,0.538
1872-05-01,11.198,0.503
1872-06-01,13.055,0.434
1872-07-01,14.285,0.478
1872-08-01,13.821,0.485
1872-09-01,11.958,0.368
1872-10-01,9.24,0.394
1872-11-01,5.372,0.493
1872-12-01,2.627,0.913
1873-01-01,2.013,0.706
1873-02-01,3.195,0.749
1873-03-01,4.704,0.696
1873-04-01,7.462,0.616
1873-05-01,11.006,0.42
1873-06-01,13.405,0.495
1873-07-01,14.287,0.407
1873-08-01,13.755,0.438
1873-09-01,11.487,0.436
1873-10-01,9.234,0.432
1873-11-01,5.819,0.545
1873-12-01,3.846,0.666
1874-01-01,2.685,0.825
1874-02-01,3.069,0.724
1874-03-01,4.221,0.592
1874-04-01,8.231,0.39
1874-05-01,11.306,0.411
1874-06-01,13.306,0.467
1874-07-01,14.122,0.419
1874-08-01,13.815,0.382
1874-09-01,12.111,0.366
1874-10-01,9.12,0.475
1874-11-01,5.809,0.626
1874-12-01,3.407,0.538
1875-01-01,1.533,0.672
1875-02-01,2.259,0.718
1875-03-01,4.256,0.461
1875-04-01,7.636,0.38
1875-05-01,10.746,0.376
1875-06-01,13.157,0.418
1875-07-01,14.144,0.397
1875-08-01,13.401,0.433
1875-09-01,11.319,0.394
1875-10-01,8.585,0.39
1875-11-01,4.614,0.366
1875-12-01,2.665,0.413
1876-01-01,1.856,0.503
1876-02-01,2.617,0.505
1876-03-01,4.748,0.515
1876-04-01,8.199,0.412
1876-05-01,10.69,0.513
1876-06-01,13.131,0.28
1876-07-01,14.319,0.369
1876-08-01,13.481,0.407
1876-09-01,11.687,0.377
1876-10-01,8.946,0.327
1876-11-01,5.093,0.414
1876-12-01,2.194,0.58
1877-01-01,2.286,0.708
1877-02-01,2.928,0.584
1877-03-01,5.297,0.487
1877-04-01,8.039,0.429
1877-05-01,11.056,0.4
1877-06-01,13.384,0.464
1877-07-01,14.642,0.402
1877-08-01,14.151,0.383
1877-09-01,12.075,0.418
1877-10-01,9.273,0.273
1877-11-01,6.348,0.479
1877-12-01,2.996,0.444
1878-01-01,2.017,0.461
1878-02-01,3.728,0.563
1878-03-01,6.608,0.477
1878-04-01,8.899,0.431
1878-05-01,11.017,0.419
1878-06-01,13.796,0.38
1878-07-01,14.742,0.378
1878-08-01,14.094,0.465
1878-09-01,12.093,0.375
1878-10-01,9.173,0.306
1878-11-01,6.446,0.429
1878-12-01,3.344,0.415
1879-01-01,2.303,0.658
1879-02-01,2.737,0.672
1879-03-01,4.924,0.461
1879-04-01,7.768,0.458
1879-05-01,10.803,0.388
1879-06-01,13.23,0.459
1879-07-01,14.238,0.379
1879-08-01,13.245,0.426
1879-09-01,11.449,0.357
1879-10-01,9.229,0.331
1879-11-01,5.526,0.376
1879-12-01,2.538,0.596
1880-01-01,1.755,0.572
1880-02-01,2.052,0.491
1880-03-01,4.63,0.468
1880-04-01,7.559,0.456
1880-05-01,11.096,0.389
1880-06-01,13.327,0.436
1880-07-01,14.141,0.396
1880-08-01,13.807,0.384
1880-09-01,11.386,0.289
1880-10-01,8.673,0.296
1880-11-01,5.893,0.386
1880-12-01,3.106,0.416
1881-01-01,2.461,0.634
1881-02-01,2.626,0.595
1881-03-01,5.01,0.52
1881-04-01,8.323,0.362
1881-05-01,11.165,0.406
1881-06-01,12.745,0.357
1881-07-01,14.203,0.344
1881-08-01,13.71,0.376
1881-09-01,11.689,0.287
1881-10-01,8.851,0.315
1881-11-01,5.272,0.397
1881-12-01,3.196,0.439
1882-01-01,2.99,0.486
1882-02-01,3.231,0.427
1882-03-01,5.04,0.498
1882-04-01,7.691,0.369
1882-05-01,10.888,0.337
1882-06-01,12.805,0.298
1882-07-01,13.747,0.334
1882-08-01,13.703,0.433
1882-09-01,11.736,0.287
1882-10-01,8.445,0.327
1882-11-01,5.066,0.359
1882-12-01,2.205,0.404
1883-01-01,1.46,0.53
1883-02-01,1.856,0.498
1883-03-01,4.929,0.421
1883-04-01,7.691,0.424
1883-05-01,10.832,0.354
1883-06-01,13.302,0.294
1883-07-01,14.011,0.355
1883-08-01,13.224,0.34
1883-09-01,11.343,0.327
1883-10-01,8.909,0.249
1883-11-01,4.905,0.293
1883-12-01,3.261,0.363
1884-01-01,2.12,0.472
1884-02-01,2.474,0.486
1884-03-01,3.892,0.476
1884-04-01,7.186,0.311
1884-05-01,10.198,0.353
1884-06-01,12.527,0.382
1884-07-01,13.622,0.375
1884-08-01,13.257,0.41
1884-09-01,11.235,0.392
1884-10-01,8.581,0.307
1884-11-01,5.164,0.383
1884-12-01,3.028,0.408
1885-01-01,1.003,0.664
1885-02-01,2.243,0.578
1885-03-01,4.622,0.381
1885-04-01,7.336,0.398
1885-05-01,10.567,0.391
1885-06-01,12.716,0.304
1885-07-01,13.972,0.369
1885-08-01,13.351,0.445
1885-09-01,11.435,0.365
1885-10-01,8.722,0.347
1885-11-01,5.425,0.377
1885-12-01,3.644,0.481
1886-01-01,1.436,0.545
1886-02-01,1.793,0.453
1886-03-01,4.262,0.346
1886-04-01,7.909,0.299
1886-05-01,10.784,0.468
1886-06-01,12.789,0.318
1886-07-01,14.226,0.354
1886-08-01,13.323,0.369
1886-09-01,11.6,0.323
1886-10-01,8.604,0.355
1886-11-01,5.226,0.353
1886-12-01,3.502,0.449
1887-01-01,0.824,0.568
1887-02-01,2.054,0.464
1887-03-01,4.552,0.433
1887-04-01,7.789,0.333
1887-05-01,10.84,0.396
1887-06-01,12.89,0.327
1887-07-01,14.021,0.343
1887-08-01,13.097,0.358
1887-09-01,11.707,0.378
1887-10-01,8.738,0.263
1887-11-01,5.592,0.382
1887-12-01,2.875,0.46
1888-01-01,1.708,0.375
1888-02-01,2.039,0.456
1888-03-01,4.3,0.401
1888-04-01,7.845,0.429
1888-05-01,10.62,0.389
1888-06-01,12.921,0.395
1888-07-01,14.242,0.321
1888-08-01,13.511,0.436
1888-09-01,11.685,0.344
1888-10-01,9.201,0.286
1888-11-01,5.792,0.361
1888-12-01,3.222,0.396
1889-01-01,1.762,0.458
1889-02-01,3.409,0.399
1889-03-01,5.299,0.419
1889-04-01,8.589,0.332
1889-05-01,11.242,0.372
1889-06-01,13.288,0.275
1889-07-01,14.225,0.327
1889-08-01,13.504,0.383
1889-09-01,11.547,0.339
1889-10-01,8.865,0.282
1889-11-01,4.999,0.44
1889-12-01,3.099,0.412
1890-01-01,1.836,0.401
1890-02-01,2.516,0.373
1890-03-01,4.21,0.377
1890-04-01,7.739,0.357
1890-05-01,10.464,0.373
1890-06-01,12.872,0.352
1890-07-01,14.034,0.354
1890-08-01,13.266,0.352
1890-09-01,11.546,0.324
1890-10-01,9.178,0.238
1890-11-01,5.03,0.273
1890-12-01,2.969,0.342
1891-01-01,1.678,0.351
1891-02-01,1.88,0.398
1891-03-01,4.755,0.331
1891-04-01,7.618,0.284
1891-05-01,10.785,0.388
1891-06-01,12.888,0.253
1891-07-01,13.93,0.338
1891-08-01,13.496,0.365
1891-09-01,11.763,0.264
1891-10-01,8.722,0.281
1891-11-01,5.115,0.353
1891-12-01,3.602,0.418
1892-01-01,2.018,0.399
1892-02-01,2.805,0.326
1892-03-01,4.362,0.39
1892-04-01,7.562,0.301
1892-05-01,10.622,0.36
1892-06-01,13.263,0.279
1892-07-01,13.89,0.328
1892-08-01,13.42,0.353
1892-09-01,11.764,0.26
1892-10-01,9.29,0.268
1892-11-01,4.859,0.331
1892-12-01,2.935,0.471
1893-01-01,0.5,0.488
1893-02-01,1.654,0.365
1893-03-01,4.979,0.4
1893-04-01,7.994,0.294
1893-05-01,10.747,0.365
1893-06-01,13.051,0.287
1893-07-01,14.318,0.339
1893-08-01,13.454,0.367
1893-09-01,11.767,0.295
1893-10-01,9.16,0.263
1893-11-01,5.902,0.281
1893-12-01,3.155,0.399
1894-01-01,1.691,0.372
1894-02-01,2.923,0.354
1894-03-01,5.118,0.398
1894-04-01,7.663,0.355
1894-05-01,10.944,0.293
1894-06-01,12.858,0.276
1894-07-01,14.004,0.311
1894-08-01,13.488,0.364
1894-09-01,11.58,0.279
1894-10-01,9.125,0.223
1894-11-01,5.405,0.282
1894-12-01,3.133,0.3
1895-01-01,1.295,0.28
1895-02-01,2,0.329
1895-03-01,4.689,0.318
1895-04-01,8.247,0.285
1895-05-01,10.867,0.321
1895-06-01,13.058,0.266
1895-07-01,14.053,0.312
1895-08-01,13.489,0.36
1895-09-01,11.743,0.294
1895-10-01,9.117,0.224
1895-11-01,5.744,0.268
1895-12-01,3.462,0.334
1896-01-01,2.291,0.392
1896-02-01,2.707,0.288
1896-03-01,4.279,0.302
1896-04-01,7.33,0.347
1896-05-01,10.893,0.339
1896-06-01,13.304,0.267
1896-07-01,14.233,0.328
1896-08-01,13.624,0.369
1896-09-01,11.824,0.277
1896-10-01,9.416,0.229
1896-11-01,5.366,0.296
1896-12-01,3.312,0.272
1897-01-01,1.893,0.36
1897-02-01,2.429,0.281
1897-03-01,4.345,0.29
1897-04-01,8.278,0.277
1897-05-01,11.377,0.306
1897-06-01,13.319,0.355
1897-07-01,14.31,0.37
1897-08-01,13.668,0.392
1897-09-01,11.925,0.254
1897-10-01,9.197,0.251
1897-11-01,5.608,0.349
1897-12-01,3.171,0.281
1898-01-01,2.737,0.31
1898-02-01,2.354,0.314
1898-03-01,3.751,0.271
1898-04-01,7.907,0.337
1898-05-01,10.835,0.306
1898-06-01,13.395,0.421
1898-07-01,14.138,0.367
1898-08-01,13.579,0.414
1898-09-01,11.753,0.322
1898-10-01,8.828,0.247
1898-11-01,5.452,0.274
1898-12-01,3.407,0.325
1899-01-01,2.515,0.326
1899-02-01,2.38,0.42
1899-03-01,4.618,0.293
1899-04-01,8.281,0.345
1899-05-01,11.023,0.31
1899-06-01,12.856,0.29
1899-07-01,14.159,0.333
1899-08-01,13.777,0.394
1899-09-01,12.128,0.282
1899-10-01,9.409,0.252
1899-11-01,6.605,0.31
1899-12-01,3.005,0.342
1900-01-01,1.461,0.276
1900-02-01,3.098,0.416
1900-03-01,5.492,0.261
1900-04-01,8.223,0.292
1900-05-01,11.385,0.357
1900-06-01,13.293,0.282
1900-07-01,14.171,0.345
1900-08-01,13.816,0.383
1900-09-01,11.955,0.293
1900-10-01,9.666,0.255
1900-11-01,5.804,0.276
1900-12-01,3.655,0.341
1901-01-01,2.191,0.291
1901-02-01,3.092,0.418
1901-03-01,5.671,0.251
1901-04-01,8.522,0.326
1901-05-01,11.178,0.339
1901-06-01,13.423,0.283
1901-07-01,14.339,0.35
1901-08-01,13.789,0.343
1901-09-01,11.984,0.305
1901-10-01,9.003,0.239
1901-11-01,5.976,0.263
1901-12-01,3.335,0.267
1902-01-01,2.684,0.256
1902-02-01,3.606,0.354
1902-03-01,4.883,0.228
1902-04-01,7.956,0.321
1902-05-01,10.893,0.341
1902-06-01,13.214,0.264
1902-07-01,14.231,0.356
1902-08-01,13.599,0.357
1902-09-01,11.799,0.289
1902-10-01,8.801,0.21
1902-11-01,5.274,0.267
1902-12-01,2.713,0.27
1903-01-01,2.514,0.224
1903-02-01,3.555,0.247
1903-03-01,4.93,0.212
1903-04-01,7.832,0.292
1903-05-01,10.794,0.305
1903-06-01,12.886,0.268
1903-07-01,13.992,0.366
1903-08-01,13.412,0.377
1903-09-01,11.501,0.36
1903-10-01,8.812,0.202
1903-11-01,5.516,0.268
1903-12-01,2.898,0.359
1904-01-01,1.637,0.387
1904-02-01,2.297,0.348
1904-03-01,4.506,0.268
1904-04-01,7.684,0.284
1904-05-01,10.84,0.287
1904-06-01,13.014,0.248
1904-07-01,13.836,0.296
1904-08-01,13.459,0.327
1904-09-01,11.381,0.265
1904-10-01,8.833,0.212
1904-11-01,6.23,0.224
1904-12-01,3.374,0.291
1905-01-01,2.254,0.345
1905-02-01,1.927,0.303
1905-03-01,4.635,0.235
1905-04-01,7.755,0.255
1905-05-01,10.982,0.28
1905-06-01,13.112,0.264
1905-07-01,14.077,0.307
1905-08-01,13.578,0.327
1905-09-01,11.804,0.252
1905-10-01,9.041,0.239
1905-11-01,6.183,0.282
1905-12-01,3.354,0.256
1906-01-01,2.068,0.313
1906-02-01,2.301,0.323
1906-03-01,4.866,0.2
1906-04-01,8.626,0.242
1906-05-01,11.24,0.29
1906-06-01,13.334,0.289
1906-07-01,14.122,0.323
1906-08-01,13.691,0.34
1906-09-01,11.772,0.237
1906-10-01,9.267,0.182
1906-11-01,5.501,0.192
1906-12-01,3.761,0.368
1907-01-01,1.798,0.274
1907-02-01,2.117,0.268
1907-03-01,4.575,0.209
1907-04-01,7.579,0.263
1907-05-01,10.375,0.28
1907-06-01,12.729,0.267
1907-07-01,13.769,0.307
1907-08-01,13.362,0.326
1907-09-01,11.665,0.243
1907-10-01,9.234,0.191
1907-11-01,5.207,0.207
1907-12-01,2.956,0.251
1908-01-01,2.304,0.252
1908-02-01,2.769,0.269
1908-03-01,4.136,0.317
1908-04-01,7.832,0.295
1908-05-01,11.141,0.285
1908-06-01,13.293,0.248
1908-07-01,14.197,0.303
1908-08-01,13.376,0.336
1908-09-01,11.977,0.252
1908-10-01,8.865,0.209
1908-11-01,5.272,0.221
1908-12-01,3.071,0.31
1909-01-01,1.395,0.314
1909-02-01,2.706,0.273
1909-03-01,4.589,0.249
1909-04-01,7.534,0.269
1909-05-01,10.611,0.3
1909-06-01,12.962,0.232
1909-07-01,14.06,0.299
1909-08-01,13.752,0.319
1909-09-01,11.879,0.237
1909-10-01,9.192,0.178
1909-11-01,6.236,0.205
1909-12-01,3.223,0.278
1910-01-01,2.333,0.24
1910-02-01,2.779,0.273
1910-03-01,4.606,0.213
1910-04-01,8.105,0.252
1910-05-01,11.005,0.31
1910-06-01,13.151,0.232
1910-07-01,14.279,0.322
1910-08-01,13.677,0.321
1910-09-01,11.733,0.243
1910-10-01,9.006,0.203
1910-11-01,5.318,0.223
1910-12-01,2.684,0.289
1911-01-01,1.66,0.33
1911-02-01,2.453,0.214
1911-03-01,4.347,0.199
1911-04-01,7.99,0.248
1911-05-01,10.829,0.279
1911-06-01,13.009,0.231
1911-07-01,14.082,0.292
1911-08-01,13.499,0.329
1911-09-01,11.638,0.233
1911-10-01,9.263,0.193
1911-11-01,5.964,0.184
1911-12-01,3.39,0.242
1912-01-01,2.402,0.309
1912-02-01,3.354,0.251
1912-03-01,4.356,0.226
1912-04-01,8.229,0.262
1912-05-01,11.254,0.308
1912-06-01,13.435,0.25
1912-07-01,13.723,0.293
1912-08-01,13.053,0.318
1912-09-01,11.222,0.252
1912-10-01,8.367,0.201
1912-11-01,5.521,0.188
1912-12-01,3.069,0.243
1913-01-01,2.083,0.295
1913-02-01,2.376,0.295
1913-03-01,4.517,0.219
1913-04-01,8.023,0.246
1913-05-01,10.745,0.288
1913-06-01,13.005,0.266
1913-07-01,14.137,0.298
1913-08-01,13.724,0.325
1913-09-01,11.759,0.237
1913-10-01,9.077,0.194
1913-11-01,6.024,0.213
1913-12-01,4.103,0.271
1914-01-01,3.376,0.307
1914-02-01,3.2,0.225
1914-03-01,4.942,0.221
1914-04-01,8.098,0.244
1914-05-01,11.285,0.284
1914-06-01,13.496,0.233
1914-07-01,14.298,0.307
1914-08-01,13.73,0.318
1914-09-01,11.915,0.23
1914-10-01,9.387,0.183
1914-11-01,5.759,0.195
1914-12-01,3.6,0.276
1915-01-01,2.299,0.246
1915-02-01,3.265,0.261
1915-03-01,5.143,0.209
1915-04-01,8.705,0.251
1915-05-01,11.493,0.286
1915-06-01,13.3,0.249
1915-07-01,14.443,0.295
1915-08-01,13.77,0.326
1915-09-01,11.867,0.259
1915-10-01,8.984,0.19
1915-11-01,6.216,0.185
1915-12-01,3.633,0.197
1916-01-01,2.616,0.242
1916-02-01,2.957,0.264
1916-03-01,4.846,0.307
1916-04-01,8.047,0.257
1916-05-01,10.972,0.294
1916-06-01,12.942,0.232
1916-07-01,14.052,0.301
1916-08-01,13.58,0.323
1916-09-01,11.726,0.247
1916-10-01,9.053,0.218
1916-11-01,5.596,0.214
1916-12-01,2.316,0.226
1917-01-01,2.133,0.252
1917-02-01,2.36,0.314
1917-03-01,4.488,0.231
1917-04-01,7.855,0.272
1917-05-01,10.443,0.294
1917-06-01,12.915,0.243
1917-07-01,14.259,0.296
1917-08-01,13.471,0.319
1917-09-01,11.745,0.242
1917-10-01,8.544,0.173
1917-11-01,5.82,0.226
1917-12-01,2.247,0.266
1918-01-01,1.934,0.251
1918-02-01,2.455,0.342
1918-03-01,4.811,0.257
1918-04-01,7.644,0.258
1918-05-01,10.54,0.304
1918-06-01,12.908,0.242
1918-07-01,14.002,0.301
1918-08-01,13.431,0.329
1918-09-01,11.881,0.256
1918-10-01,9.433,0.209
1918-11-01,5.683,0.225
1918-12-01,2.848,0.245
1919-01-01,2.184,0.252
1919-02-01,2.852,0.285
1919-03-01,4.743,0.27
1919-04-01,8.487,0.292
1919-05-01,10.969,0.286
1919-06-01,13.228,0.241
1919-07-01,14.274,0.299
1919-08-01,13.786,0.335
1919-09-01,11.99,0.25
1919-10-01,9.361,0.216
1919-11-01,5.489,0.23
1919-12-01,3.224,0.245
1920-01-01,2.841,0.25
1920-02-01,2.755,0.268
1920-03-01,5.227,0.231
1920-04-01,8.293,0.272
1920-05-01,11.131,0.31
1920-06-01,13.105,0.245
1920-07-01,14.245,0.305
1920-08-01,13.698,0.343
1920-09-01,11.794,0.258
1920-10-01,9.021,0.212
1920-11-01,5.566,0.229
1920-12-01,2.629,0.229
1921-01-01,2.98,0.32
1921-02-01,3.125,0.236
1921-03-01,5.081,0.276
1921-04-01,8.324,0.262
1921-05-01,11.245,0.282
1921-06-01,13.44,0.239
1921-07-01,14.436,0.302
1921-08-01,13.561,0.326
1921-09-01,11.869,0.24
1921-10-01,9.264,0.188
1921-11-01,5.864,0.198
1921-12-01,3.663,0.213
1922-01-01,2.15,0.214
1922-02-01,2.376,0.271
1922-03-01,5.156,0.223
1922-04-01,8.38,0.276
1922-05-01,11.097,0.285
1922-06-01,13.331,0.241
1922-07-01,14.278,0.306
1922-08-01,13.584,0.333
1922-09-01,11.775,0.255
1922-10-01,9.056,0.219
1922-11-01,6.046,0.246
1922-12-01,3.667,0.234
1923-01-01,2.487,0.276
1923-02-01,2.563,0.262
1923-03-01,4.866,0.226
1923-04-01,7.749,0.24
1923-05-01,10.849,0.292
1923-06-01,13.296,0.259
1923-07-01,13.984,0.3
1923-08-01,13.611,0.34
1923-09-01,11.883,0.256
1923-10-01,9.52,0.191
1923-11-01,6.378,0.179
1923-12-01,3.88,0.216
1924-01-01,2.339,0.29
1924-02-01,2.888,0.288
1924-03-01,5.352,0.208
1924-04-01,7.97,0.267
1924-05-01,11.188,0.298
1924-06-01,13.342,0.241
1924-07-01,14.304,0.307
1924-08-01,13.654,0.326
1924-09-01,11.957,0.232
1924-10-01,9.203,0.182
1924-11-01,6.4,0.2
1924-12-01,3.485,0.243
1925-01-01,2.268,0.228
1925-02-01,2.701,0.236
1925-03-01,5.126,0.224
1925-04-01,8.442,0.244
1925-05-01,11.039,0.286
1925-06-01,13.089,0.22
1925-07-01,14.066,0.3
1925-08-01,13.769,0.32
1925-09-01,11.979,0.235
1925-10-01,9.196,0.193
1925-11-01,6.34,0.196
1925-12-01,4.398,0.207
1926-01-01,3.453,0.258
1926-02-01,3.717,0.211
1926-03-01,5.831,0.178
1926-04-01,8.193,0.259
1926-05-01,10.931,0.295
1926-06-01,13.285,0.231
1926-07-01,14.168,0.287
1926-08-01,13.877,0.321
1926-09-01,12.075,0.242
1926-10-01,9.55,0.2
1926-11-01,6.3,0.208
1926-12-01,3.366,0.222
1927-01-01,2.372,0.268
1927-02-01,3.039,0.244
1927-03-01,4.668,0.223
1927-04-01,8.035,0.239
1927-05-01,11.104,0.297
1927-06-01,13.272,0.23
1927-07-01,14.323,0.302
1927-08-01,13.698,0.34
1927-09-01,12.254,0.24
1927-10-01,9.887,0.2
1927-11-01,6.346,0.192
1927-12-01,3.267,0.212
1928-01-01,3.046,0.211
1928-02-01,3.333,0.241
1928-03-01,4.959,0.191
1928-04-01,8.244,0.276
1928-05-01,11.169,0.321
1928-06-01,13.113,0.238
1928-07-01,14.31,0.297
1928-08-01,13.687,0.327
1928-09-01,12.03,0.235
1928-10-01,9.486,0.193
1928-11-01,6.336,0.231
1928-12-01,3.873,0.222
1929-01-01,2.054,0.289
1929-02-01,2.172,0.229
1929-03-01,5.099,0.191
1929-04-01,8.094,0.265
1929-05-01,10.915,0.294
1929-06-01,12.928,0.232
1929-07-01,13.957,0.314
1929-08-01,13.68,0.33
1929-09-01,11.807,0.255
1929-10-01,9.46,0.195
1929-11-01,6.172,0.207
1929-12-01,2.571,0.22
1930-01-01,2.401,0.226
1930-02-01,3.152,0.236
1930-03-01,5.483,0.191
1930-04-01,8.182,0.242
1930-05-01,11.105,0.292
1930-06-01,13.347,0.231
1930-07-01,14.465,0.301
1930-08-01,13.928,0.327
1930-09-01,11.874,0.247
1930-10-01,9.261,0.187
1930-11-01,6.574,0.202
1930-12-01,3.831,0.194
1931-01-01,2.761,0.225
1931-02-01,2.708,0.224
1931-03-01,5.22,0.186
1931-04-01,8.163,0.234
1931-05-01,11.02,0.281
1931-06-01,13.573,0.24
1931-07-01,14.576,0.302
1931-08-01,14.12,0.33
1931-09-01,12.283,0.25
1931-10-01,9.937,0.197
1931-11-01,6.243,0.198
1931-12-01,4.027,0.186
1932-01-01,3.604,0.223
1932-02-01,2.989,0.221
1932-03-01,4.94,0.204
1932-04-01,8.769,0.263
1932-05-01,11.239,0.3
1932-06-01,13.383,0.257
1932-07-01,14.372,0.306
1932-08-01,13.74,0.331
1932-09-01,12.31,0.268
1932-10-01,9.682,0.232
1932-11-01,5.908,0.186
1932-12-01,3.527,0.196
1933-01-01,2.169,0.226
1933-02-01,2.657,0.21
1933-03-01,4.869,0.185
1933-04-01,8.125,0.272
1933-05-01,11.047,0.288
1933-06-01,13.11,0.241
1933-07-01,14.236,0.3
1933-08-01,13.76,0.321
1933-09-01,11.854,0.244
1933-10-01,9.238,0.232
1933-11-01,5.89,0.201
1933-12-01,3.104,0.192
1934-01-01,2.476,0.231
1934-02-01,3.699,0.251
1934-03-01,4.818,0.201
1934-04-01,8.016,0.259
1934-05-01,11.478,0.276
1934-06-01,13.402,0.24
1934-07-01,14.343,0.296
1934-08-01,13.778,0.322
1934-09-01,11.727,0.238
1934-10-01,9.421,0.192
1934-11-01,6.397,0.182
1934-12-01,3.985,0.193
1935-01-01,2.175,0.204
1935-02-01,4.125,0.217
1935-03-01,5.399,0.187
1935-04-01,7.771,0.256
1935-05-01,10.906,0.277
1935-06-01,13.326,0.23
1935-07-01,14.331,0.292
1935-08-01,13.775,0.332
1935-09-01,11.999,0.239
1935-10-01,9.516,0.198
1935-11-01,5.443,0.191
1935-12-01,3.423,0.208
1936-01-01,2.249,0.221
1936-02-01,2.506,0.236
1936-03-01,5.031,0.194
1936-04-01,8.127,0.258
1936-05-01,11.251,0.279
1936-06-01,13.363,0.243
1936-07-01,14.629,0.299
1936-08-01,13.86,0.325
1936-09-01,12.021,0.246
1936-10-01,9.457,0.22
1936-11-01,6.233,0.188
1936-12-01,3.921,0.208
1937-01-01,2.453,0.196
1937-02-01,3.553,0.22
1937-03-01,4.851,0.219
1937-04-01,8.14,0.242
1937-05-01,11.422,0.288
1937-06-01,13.603,0.236
1937-07-01,14.375,0.298
1937-08-01,14.007,0.325
1937-09-01,12.413,0.247
1937-10-01,9.729,0.2
1937-11-01,6.356,0.199
1937-12-01,3.478,0.211
1938-01-01,2.91,0.194
1938-02-01,3.417,0.225
1938-03-01,5.651,0.192
1938-04-01,8.913,0.249
1938-05-01,11.456,0.297
1938-06-01,13.321,0.238
1938-07-01,14.482,0.295
1938-08-01,13.963,0.325
1938-09-01,12.427,0.249
1938-10-01,9.784,0.194
1938-11-01,6.53,0.215
1938-12-01,3.51,0.213
1939-01-01,2.932,0.198
1939-02-01,3.232,0.201
1939-03-01,4.926,0.196
1939-04-01,8.328,0.252
1939-05-01,11.524,0.298
1939-06-01,13.531,0.256
1939-07-01,14.395,0.291
1939-08-01,13.932,0.324
1939-09-01,11.958,0.247
1939-10-01,9.218,0.185
1939-11-01,6.189,0.194
1939-12-01,4.959,0.206
1940-01-01,2.335,0.2
1940-02-01,3.423,0.204
1940-03-01,5.424,0.18
1940-04-01,8.756,0.247
1940-05-01,11.338,0.296
1940-06-01,13.583,0.231
1940-07-01,14.571,0.295
1940-08-01,13.811,0.323
1940-09-01,12.268,0.234
1940-10-01,9.457,0.187
1940-11-01,6.076,0.186
1940-12-01,4.134,0.19
1941-01-01,2.735,0.199
1941-02-01,3.67,0.202
1941-03-01,5.213,0.186
1941-04-01,8.575,0.24
1941-05-01,11.493,0.282
1941-06-01,13.63,0.232
1941-07-01,14.694,0.291
1941-08-01,14.028,0.322
1941-09-01,11.816,0.232
1941-10-01,9.71,0.175
1941-11-01,5.953,0.181
1941-12-01,3.707,0.192
1942-01-01,3.103,0.221
1942-02-01,2.857,0.204
1942-03-01,5.308,0.186
1942-04-01,8.416,0.238
1942-05-01,11.338,0.281
1942-06-01,13.578,0.22
1942-07-01,14.242,0.293
1942-08-01,13.786,0.318
1942-09-01,12.146,0.233
1942-10-01,9.627,0.186
1942-11-01,6.395,0.184
1942-12-01,3.945,0.19
1943-01-01,2.396,0.195
1943-02-01,3.513,0.199
1943-03-01,5.138,0.184
1943-04-01,8.638,0.243
1943-05-01,11.485,0.277
1943-06-01,13.161,0.23
1943-07-01,14.46,0.3
1943-08-01,13.774,0.313
1943-09-01,12.096,0.227
1943-10-01,9.907,0.176
1943-11-01,6.26,0.188
1943-12-01,4.233,0.187
1944-01-01,3.504,0.185
1944-02-01,3.591,0.222
1944-03-01,5.531,0.205
1944-04-01,8.434,0.243
1944-05-01,11.334,0.275
1944-06-01,13.478,0.222
1944-07-01,14.468,0.284
1944-08-01,14.017,0.308
1944-09-01,12.45,0.229
1944-10-01,9.808,0.17
1944-11-01,6.091,0.178
1944-12-01,3.434,0.181
1945-01-01,2.525,0.186
1945-02-01,2.646,0.194
1945-03-01,5.184,0.171
1945-04-01,8.681,0.236
1945-05-01,11.097,0.269
1945-06-01,13.328,0.231
1945-07-01,14.213,0.287
1945-08-01,14.313,0.317
1945-09-01,12.225,0.227
1945-10-01,9.575,0.171
1945-11-01,6.073,0.172
1945-12-01,3.158,0.183
1946-01-01,2.979,0.188
1946-02-01,3.461,0.206
1946-03-01,5.236,0.171
1946-04-01,8.837,0.223
1946-05-01,11.355,0.273
1946-06-01,13.298,0.237
1946-07-01,14.409,0.289
1946-08-01,13.834,0.319
1946-09-01,12.064,0.233
1946-10-01,9.281,0.17
1946-11-01,6.235,0.179
1946-12-01,3.134,0.181
1947-01-01,2.597,0.184
1947-02-01,3.277,0.191
1947-03-01,5.801,0.183
1947-04-01,8.686,0.227
1947-05-01,11.329,0.266
1947-06-01,13.459,0.216
1947-07-01,14.349,0.284
1947-08-01,13.827,0.305
1947-09-01,12.166,0.221
1947-10-01,10.011,0.164
1947-11-01,6.407,0.187
1947-12-01,3.656,0.177
1948-01-01,3.366,0.18
1948-02-01,3.22,0.198
1948-03-01,4.919,0.161
1948-04-01,8.499,0.215
1948-05-01,11.537,0.257
1948-06-01,13.664,0.214
1948-07-01,14.445,0.276
1948-08-01,13.896,0.298
1948-09-01,12.155,0.22
1948-10-01,9.584,0.167
1948-11-01,6.185,0.162
1948-12-01,3.491,0.167
1949-01-01,3.219,0.17
1949-02-01,2.759,0.185
1949-03-01,5.077,0.177
1949-04-01,8.344,0.226
1949-05-01,11.309,0.255
1949-06-01,13.223,0.209
1949-07-01,14.199,0.27
1949-08-01,13.826,0.295
1949-09-01,11.957,0.212
1949-10-01,9.531,0.158
1949-11-01,6.148,0.164
1949-12-01,3.449,0.178
1950-01-01,2.008,0.173
1950-02-01,2.721,0.182
1950-03-01,5.247,0.15
1950-04-01,8.123,0.192
1950-05-01,11.297,0.217
1950-06-01,13.382,0.196
1950-07-01,14.14,0.239
1950-08-01,13.46,0.228
1950-09-01,11.952,0.204
1950-10-01,9.153,0.164
1950-11-01,5.372,0.139
1950-12-01,3.528,0.152
1951-01-01,2.138,0.132
1951-02-01,2.332,0.149
1951-03-01,5.091,0.141
1951-04-01,8.367,0.175
1951-05-01,11.438,0.23
1951-06-01,13.25,0.238
1951-07-01,14.324,0.24
1951-08-01,14.021,0.251
1951-09-01,12.324,0.216
1951-10-01,9.67,0.123
1951-11-01,6.225,0.161
1951-12-01,4.328,0.154
1952-01-01,3.049,0.144
1952-02-01,3.396,0.18
1952-03-01,4.967,0.168
1952-04-01,8.461,0.225
1952-05-01,11.352,0.264
1952-06-01,13.442,0.218
1952-07-01,14.549,0.276
1952-08-01,13.964,0.302
1952-09-01,12.238,0.22
1952-10-01,9.157,0.166
1952-11-01,5.425,0.168
1952-12-01,3.659,0.174
1953-01-01,2.964,0.166
1953-02-01,3.629,0.187
1953-03-01,5.712,0.161
1953-04-01,8.892,0.228
1953-05-01,11.514,0.264
1953-06-01,13.612,0.216
1953-07-01,14.392,0.284
1953-08-01,14.059,0.305
1953-09-01,12.199,0.223
1953-10-01,9.59,0.161
1953-11-01,5.924,0.168
1953-12-01,3.998,0.182
1954-01-01,2.059,0.148
1954-02-01,3.084,0.182
1954-03-01,5.148,0.18
1954-04-01,8.158,0.218
1954-05-01,10.988,0.217
1954-06-01,13.4,0.187
1954-07-01,14.241,0.228
1954-08-01,13.868,0.248
1954-09-01,12.098,0.204
1954-10-01,9.546,0.144
1954-11-01,6.579,0.143
1954-12-01,3.559,0.147
1955-01-01,3.412,0.152
1955-02-01,3.137,0.141
1955-03-01,4.585,0.121
1955-04-01,8.136,0.16
1955-05-01,11.192,0.209
1955-06-01,13.56,0.148
1955-07-01,14.242,0.177
1955-08-01,14.283,0.216
1955-09-01,11.954,0.162
1955-10-01,9.735,0.107
1955-11-01,5.973,0.135
1955-12-01,3.306,0.115
1956-01-01,2.466,0.099
1956-02-01,2.781,0.168
1956-03-01,4.889,0.109
1956-04-01,7.922,0.144
1956-05-01,10.721,0.195
1956-06-01,13.16,0.089
1956-07-01,14.18,0.093
1956-08-01,13.189,0.082
1956-09-01,11.783,0.135
1956-10-01,8.928,0.093
1956-11-01,5.738,0.134
1956-12-01,3.598,0.109
1957-01-01,2.488,0.1
1957-02-01,3.12,0.108
1957-03-01,5.036,0.085
1957-04-01,8.366,0.187
1957-05-01,11.259,0.138
1957-06-01,13.783,0.193
1957-07-01,14.129,0.204
1957-08-01,14.082,0.252
1957-09-01,12.312,0.301
1957-10-01,9.496,0.137
1957-11-01,6.391,0.104
1957-12-01,4.328,0.087
1958-01-01,3.574,0.114
1958-02-01,3.695,0.173
1958-03-01,5.453,0.084
1958-04-01,8.52,0.103
1958-05-01,11.519,0.089
1958-06-01,13.187,0.106
1958-07-01,14.438,0.199
1958-08-01,13.597,0.082
1958-09-01,11.845,0.072
1958-10-01,9.375,0.092
1958-11-01,6.26,0.06
1958-12-01,3.822,0.078
1959-01-01,2.959,0.077
1959-02-01,3.33,0.126
1959-03-01,5.854,0.199
1959-04-01,8.819,0.179
1959-05-01,11.323,0.062
1959-06-01,13.577,0.063
1959-07-01,14.449,0.131
1959-08-01,13.853,0.084
1959-09-01,11.946,0.118
1959-10-01,9.16,0.115
1959-11-01,5.752,0.077
1959-12-01,3.77,0.055
1960-01-01,2.713,0.086
1960-02-01,3.798,0.125
1960-03-01,4.303,0.077
1960-04-01,8.133,0.088
1960-05-01,10.872,0.156
1960-06-01,13.484,0.08
1960-07-01,14.198,0.072
1960-08-01,13.825,0.079
1960-09-01,12.095,0.099
1960-10-01,9.497,0.063
1960-11-01,5.828,0.141
1960-12-01,4.259,0.056
1961-01-01,2.926,0.089
1961-02-01,3.683,0.125
1961-03-01,5.589,0.049
1961-04-01,8.631,0.116
1961-05-01,11.624,0.104
1961-06-01,13.702,0.154
1961-07-01,14.288,0.079
1961-08-01,13.849,0.142
1961-09-01,12.247,0.069
1961-10-01,9.328,0.138
1961-11-01,6.205,0.06
1961-12-01,3.5,0.039
1962-01-01,3.003,0.075
1962-02-01,3.696,0.064
1962-03-01,5.53,0.128
1962-04-01,8.54,0.178
1962-05-01,11.128,0.062
1962-06-01,13.427,0.267
1962-07-01,14.205,0.074
1962-08-01,13.713,0.103
1962-09-01,12.018,0.255
1962-10-01,9.468,0.202
1962-11-01,6.283,0.119
1962-12-01,3.94,0.068
1963-01-01,2.901,0.08
1963-02-01,4.02,0.108
1963-03-01,5.097,0.102
1963-04-01,8.173,0.058
1963-05-01,11.045,0.102
1963-06-01,13.412,0.097
1963-07-01,14.506,0.098
1963-08-01,14.309,0.061
1963-09-01,12.555,0.126
1963-10-01,9.943,0.099
1963-11-01,6.561,0.095
1963-12-01,3.75,0.082
1964-01-01,2.881,0.171
1964-02-01,3.028,0.116
1964-03-01,4.865,0.076
1964-04-01,7.922,0.077
1964-05-01,10.905,0.084
1964-06-01,13.459,0.068
1964-07-01,14.301,0.125
1964-08-01,13.678,0.178
1964-09-01,11.604,0.065
1964-10-01,8.832,0.063
1964-11-01,5.983,0.041
1964-12-01,3.458,0.046
1965-01-01,2.862,0.069
1965-02-01,3.036,0.084
1965-03-01,5.182,0.125
1965-04-01,7.99,0.078
1965-05-01,11.222,0.174
1965-06-01,13.308,0.223
1965-07-01,14.078,0.139
1965-08-01,13.807,0.086
1965-09-01,11.73,0.083
1965-10-01,9.488,0.07
1965-11-01,5.86,0.076
1965-12-01,3.766,0.099
1966-01-01,2.49,0.059
1966-02-01,3.29,0.111
1966-03-01,5.527,0.125
1966-04-01,8.161,0.068
1966-05-01,11.2,0.064
1966-06-01,13.587,0.161
1966-07-01,14.569,0.112
1966-08-01,13.731,0.101
1966-09-01,12.133,0.107
1966-10-01,9.153,0.073
1966-11-01,5.969,0.074
1966-12-01,3.382,0.052
1967-01-01,2.71,0.07
1967-02-01,2.905,0.126
1967-03-01,5.396,0.079
1967-04-01,8.458,0.11
1967-05-01,11.632,0.077
1967-06-01,13.194,0.071
1967-07-01,14.331,0.169
1967-08-01,13.821,0.107
1967-09-01,12.054,0.058
1967-10-01,9.809,0.045
1967-11-01,6.176,0.042
1967-12-01,3.915,0.05
1968-01-01,2.353,0.094
1968-02-01,3.245,0.124
1968-03-01,6.117,0.069
1968-04-01,8.455,0.143
1968-05-01,11.068,0.111
1968-06-01,13.204,0.187
1968-07-01,14.026,0.089
1968-08-01,13.524,0.08
1968-09-01,11.62,0.19
1968-10-01,9.453,0.138
1968-11-01,5.891,0.062
1968-12-01,3.24,0.053
1969-01-01,1.966,0.053
1969-02-01,2.45,0.092
1969-03-01,5.131,0.106
1969-04-01,8.576,0.125
1969-05-01,11.354,0.077
1969-06-01,13.475,0.119
1969-07-01,14.218,0.109
1969-08-01,13.804,0.08
1969-09-01,12.048,0.057
1969-10-01,9.489,0.065
1969-11-01,6.42,0.053
1969-12-01,4.21,0.086
1970-01-01,2.836,0.084
1970-02-01,3.735,0.082
1970-03-01,5.272,0.114
1970-04-01,8.603,0.066
1970-05-01,11.206,0.099
1970-06-01,13.513,0.086
1970-07-01,14.395,0.1
1970-08-01,13.658,0.062
1970-09-01,12.277,0.063
1970-10-01,9.348,0.042
1970-11-01,6.047,0.059
1970-12-01,3.521,0.05
1971-01-01,2.967,0.101
1971-02-01,2.867,0.17
1971-03-01,5.001,0.063
1971-04-01,8.339,0.067
1971-05-01,11.211,0.112
1971-06-01,13.099,0.104
1971-07-01,14.139,0.106
1971-08-01,13.879,0.076
1971-09-01,12.139,0.129
1971-10-01,9.388,0.106
1971-11-01,6.295,0.076
1971-12-01,3.867,0.065
1972-01-01,1.882,0.086
1972-02-01,2.609,0.105
1972-03-01,5.287,0.05
1972-04-01,8.337,0.067
1972-05-01,11.155,0.091
1972-06-01,13.501,0.113
1972-07-01,14.231,0.118
1972-08-01,14.171,0.096
1972-09-01,11.901,0.126
1972-10-01,9.346,0.141
1972-11-01,5.797,0.079
1972-12-01,3.778,0.072
1973-01-01,3.038,0.092
1973-02-01,3.898,0.161
1973-03-01,5.82,0.096
1973-04-01,8.938,0.103
1973-05-01,11.769,0.082
1973-06-01,13.824,0.085
1973-07-01,14.435,0.129
1973-08-01,13.869,0.151
1973-09-01,12.125,0.081
1973-10-01,9.609,0.064
1973-11-01,6.222,0.083
1973-12-01,3.832,0.082
1974-01-01,2.261,0.096
1974-02-01,2.582,0.127
1974-03-01,5.19,0.114
1974-04-01,8.386,0.091
1974-05-01,11.198,0.087
1974-06-01,13.382,0.131
1974-07-01,14.288,0.059
1974-08-01,14.016,0.105
1974-09-01,11.744,0.135
1974-10-01,9.098,0.059
1974-11-01,5.915,0.123
1974-12-01,3.55,0.127
1975-01-01,3.059,0.078
1975-02-01,3.395,0.107
1975-03-01,5.706,0.07
1975-04-01,8.584,0.066
1975-05-01,11.742,0.087
1975-06-01,13.557,0.109
1975-07-01,14.351,0.096
1975-08-01,13.514,0.219
1975-09-01,12.152,0.127
1975-10-01,9.318,0.064
1975-11-01,5.893,0.056
1975-12-01,3.667,0.086
1976-01-01,2.884,0.068
1976-02-01,3.031,0.069
1976-03-01,4.517,0.06
1976-04-01,8.294,0.086
1976-05-01,10.942,0.163
1976-06-01,13.086,0.103
1976-07-01,14.155,0.18
1976-08-01,13.511,0.17
1976-09-01,11.895,0.053
1976-10-01,8.511,0.111
1976-11-01,5.66,0.062
1976-12-01,3.681,0.082
1977-01-01,2.492,0.087
1977-02-01,3.471,0.12
1977-03-01,5.702,0.11
1977-04-01,8.85,0.064
1977-05-01,11.78,0.133
1977-06-01,13.876,0.11
1977-07-01,14.631,0.111
1977-08-01,14.09,0.078
1977-09-01,11.862,0.065
1977-10-01,9.156,0.041
1977-11-01,6.544,0.062
1977-12-01,3.749,0.035
1978-01-01,2.705,0.095
1978-02-01,3.456,0.137
1978-03-01,5.607,0.097
1978-04-01,8.791,0.088
1978-05-01,11.414,0.139
1978-06-01,13.22,0.106
1978-07-01,14.364,0.158
1978-08-01,13.297,0.099
1978-09-01,12.03,0.096
1978-10-01,9.339,0.082
1978-11-01,6.35,0.081
1978-12-01,3.74,0.068
1979-01-01,2.679,0.083
1979-02-01,2.841,0.089
1979-03-01,5.474,0.102
1979-04-01,8.455,0.078
1979-05-01,11.199,0.149
1979-06-01,13.487,0.067
1979-07-01,14.114,0.054
1979-08-01,13.833,0.087
1979-09-01,12.247,0.091
1979-10-01,9.586,0.09
1979-11-01,6.286,0.079
1979-12-01,4.6,0.068
1980-01-01,2.956,0.087
1980-02-01,3.652,0.099
1980-03-01,5.367,0.103
1980-04-01,8.935,0.106
1980-05-01,11.77,0.089
1980-06-01,13.582,0.134
1980-07-01,14.742,0.144
1980-08-01,14.189,0.221
1980-09-01,12.321,0.08
1980-10-01,9.55,0.064
1980-11-01,6.684,0.094
1980-12-01,4.016,0.059
1981-01-01,3.785,0.121
1981-02-01,4.021,0.139
1981-03-01,6.239,0.035
1981-04-01,8.953,0.08
1981-05-01,11.565,0.084
1981-06-01,13.765,0.122
1981-07-01,14.738,0.082
1981-08-01,14.502,0.099
1981-09-01,12.236,0.118
1981-10-01,9.394,0.059
1981-11-01,6.273,0.058
1981-12-01,4.519,0.05
1982-01-01,2.558,0.08
1982-02-01,3.281,0.077
1982-03-01,4.873,0.087
1982-04-01,8.465,0.093
1982-05-01,11.348,0.09
1982-06-01,13.245,0.071
1982-07-01,14.545,0.073
1982-08-01,13.796,0.067
1982-09-01,12.039,0.067
1982-10-01,9.232,0.066
1982-11-01,5.961,0.111
1982-12-01,4.327,0.11
1983-01-01,3.445,0.115
1983-02-01,3.814,0.173
1983-03-01,5.699,0.09
1983-04-01,8.693,0.05
1983-05-01,11.729,0.106
1983-06-01,13.478,0.124
1983-07-01,14.408,0.07
1983-08-01,14.302,0.061
1983-09-01,12.698,0.098
1983-10-01,9.478,0.096
1983-11-01,6.765,0.091
1983-12-01,3.829,0.054
1984-01-01,2.941,0.081
1984-02-01,3.093,0.101
1984-03-01,5.671,0.084
1984-04-01,8.432,0.163
1984-05-01,11.976,0.061
1984-06-01,13.387,0.191
1984-07-01,14.429,0.137
1984-08-01,13.984,0.085
1984-09-01,12.015,0.074
1984-10-01,9.378,0.082
1984-11-01,5.811,0.106
1984-12-01,3.185,0.066
1985-01-01,3.01,0.082
1985-02-01,2.704,0.085
1985-03-01,5.451,0.06
1985-04-01,8.633,0.085
1985-05-01,11.426,0.066
1985-06-01,13.569,0.187
1985-07-01,13.973,0.087
1985-08-01,14.059,0.087
1985-09-01,11.98,0.08
1985-10-01,9.338,0.089
1985-11-01,5.968,0.104
1985-12-01,3.785,0.107
1986-01-01,3.315,0.117
1986-02-01,3.991,0.113
1986-03-01,5.755,0.048
1986-04-01,8.871,0.086
1986-05-01,11.581,0.066
1986-06-01,13.439,0.06
1986-07-01,14.293,0.06
1986-08-01,13.972,0.059
1986-09-01,11.817,0.143
1986-10-01,9.299,0.096
1986-11-01,5.919,0.1
1986-12-01,3.751,0.072
1987-01-01,3.139,0.115
1987-02-01,4.134,0.091
1987-03-01,5.245,0.076
1987-04-01,8.595,0.078
1987-05-01,11.525,0.065
1987-06-01,13.927,0.068
1987-07-01,14.89,0.144
1987-08-01,13.896,0.127
1987-09-01,12.447,0.075
1987-10-01,9.59,0.077
1987-11-01,6.056,0.052
1987-12-01,4.489,0.054
1988-01-01,3.454,0.07
1988-02-01,3.422,0.095
1988-03-01,5.931,0.085
1988-04-01,8.992,0.066
1988-05-01,11.852,0.091
1988-06-01,14.099,0.098
1988-07-01,14.798,0.068
1988-08-01,14.553,0.122
1988-09-01,12.681,0.072
1988-10-01,9.979,0.062
1988-11-01,6.295,0.074
1988-12-01,4.363,0.058
1989-01-01,2.71,0.108
1989-02-01,3.627,0.095
1989-03-01,5.792,0.099
1989-04-01,8.689,0.104
1989-05-01,11.28,0.094
1989-06-01,13.447,0.126
1989-07-01,14.612,0.084
1989-08-01,14.135,0.064
1989-09-01,12.403,0.101
1989-10-01,9.76,0.061
1989-11-01,6.179,0.06
1989-12-01,4.43,0.06
1990-01-01,3.243,0.09
1990-02-01,3.643,0.087
1990-03-01,6.73,0.099
1990-04-01,9.169,0.059
1990-05-01,11.831,0.071
1990-06-01,13.893,0.087
1990-07-01,14.784,0.14
1990-08-01,14.095,0.05
1990-09-01,12.195,0.106
1990-10-01,9.882,0.036
1990-11-01,6.92,0.132
1990-12-01,4.425,0.079
1991-01-01,3.195,0.066
1991-02-01,4.044,0.087
1991-03-01,5.574,0.076
1991-04-01,9.226,0.04
1991-05-01,11.616,0.062
1991-06-01,14.263,0.074
1991-07-01,14.987,0.055
1991-08-01,14.319,0.057
1991-09-01,12.677,0.053
1991-10-01,9.753,0.064
1991-11-01,6.44,0.07
1991-12-01,4.059,0.041
1992-01-01,3.579,0.084
1992-02-01,3.931,0.148
1992-03-01,5.952,0.069
1992-04-01,8.572,0.061
1992-05-01,11.535,0.073
1992-06-01,13.576,0.066
1992-07-01,14.139,0.081
1992-08-01,13.766,0.084
1992-09-01,11.672,0.049
1992-10-01,9.353,0.047
1992-11-01,5.889,0.083
1992-12-01,4.075,0.155
1993-01-01,3.301,0.096
1993-02-01,3.745,0.097
1993-03-01,5.923,0.094
1993-04-01,8.69,0.046
1993-05-01,11.475,0.056
1993-06-01,13.518,0.075
1993-07-01,14.595,0.11
1993-08-01,13.835,0.065
1993-09-01,11.93,0.102
1993-10-01,9.614,0.064
1993-11-01,5.738,0.09
1993-12-01,4.035,0.081
1994-01-01,3.024,0.063
1994-02-01,2.81,0.105
1994-03-01,5.731,0.071
1994-04-01,9.018,0.044
1994-05-01,11.684,0.08
1994-06-01,14.144,0.087
1994-07-01,14.658,0.076
1994-08-01,13.977,0.051
1994-09-01,12.516,0.068
1994-10-01,10.002,0.077
1994-11-01,6.788,0.064
1994-12-01,4.113,0.065
1995-01-01,3.54,0.057
1995-02-01,4.656,0.083
1995-03-01,5.956,0.077
1995-04-01,8.972,0.078
1995-05-01,11.57,0.063
1995-06-01,14.164,0.088
1995-07-01,15.116,0.079
1995-08-01,14.636,0.088
1995-09-01,12.565,0.087
1995-10-01,10.106,0.086
1995-11-01,6.761,0.087
1995-12-01,4.123,0.044
1996-01-01,2.862,0.088
1996-02-01,4.012,0.118
1996-03-01,5.524,0.085
1996-04-01,8.679,0.073
1996-05-01,11.588,0.106
1996-06-01,13.681,0.091
1996-07-01,14.827,0.097
1996-08-01,14.603,0.073
1996-09-01,12.294,0.053
1996-10-01,9.525,0.097
1996-11-01,6.547,0.078
1996-12-01,4.325,0.058
1997-01-01,3.165,0.083
1997-02-01,3.766,0.093
1997-03-01,6.012,0.139
1997-04-01,8.891,0.054
1997-05-01,11.593,0.072
1997-06-01,14.131,0.066
1997-07-01,14.565,0.132
1997-08-01,14.256,0.091
1997-09-01,12.685,0.105
1997-10-01,10.109,0.07
1997-11-01,6.841,0.096
1997-12-01,4.417,0.062
1998-01-01,3.352,0.076
1998-02-01,4.826,0.106
1998-03-01,6.023,0.082
1998-04-01,9.358,0.05
1998-05-01,12.291,0.083
1998-06-01,14.521,0.114
1998-07-01,15.34,0.074
1998-08-01,14.874,0.074
1998-09-01,12.673,0.047
1998-10-01,9.941,0.055
1998-11-01,6.404,0.081
1998-12-01,4.669,0.045
1999-01-01,3.544,0.07
1999-02-01,4.694,0.089
1999-03-01,5.53,0.102
1999-04-01,8.838,0.064
1999-05-01,11.706,0.045
1999-06-01,14.031,0.072
1999-07-01,14.853,0.101
1999-08-01,14.348,0.089
1999-09-01,12.723,0.056
1999-10-01,9.997,0.095
1999-11-01,6.592,0.083
1999-12-01,4.565,0.085
2000-01-01,2.95,0.091
2000-02-01,4.184,0.093
2000-03-01,6.219,0.12
2000-04-01,9.552,0.075
2000-05-01,11.874,0.064
2000-06-01,14.06,0.1
2000-07-01,14.848,0.12
2000-08-01,14.519,0.086
2000-09-01,12.547,0.058
2000-10-01,9.486,0.047
2000-11-01,6.312,0.084
2000-12-01,3.863,0.064
2001-01-01,3.336,0.077
2001-02-01,3.72,0.109
2001-03-01,6.208,0.058
2001-04-01,9.245,0.098
2001-05-01,12.271,0.105
2001-06-01,14.11,0.085
2001-07-01,15.161,0.101
2001-08-01,14.427,0.115
2001-09-01,12.736,0.087
2001-10-01,9.935,0.073
2001-11-01,7.319,0.086
2001-12-01,4.507,0.055
2002-01-01,4.026,0.065
2002-02-01,4.704,0.078
2002-03-01,6.772,0.034
2002-04-01,9.229,0.049
2002-05-01,12.248,0.081
2002-06-01,14.084,0.052
2002-07-01,15.354,0.077
2002-08-01,14.56,0.067
2002-09-01,12.95,0.103
2002-10-01,9.988,0.079
2002-11-01,6.892,0.12
2002-12-01,4.038,0.064
2003-01-01,3.981,0.07
2003-02-01,4.085,0.097
2003-03-01,6.048,0.055
2003-04-01,9.154,0.074
2003-05-01,12.153,0.095
2003-06-01,14.017,0.135
2003-07-01,14.983,0.184
2003-08-01,14.691,0.089
2003-09-01,12.911,0.067
2003-10-01,10.424,0.085
2003-11-01,6.727,0.075
2003-12-01,5.133,0.062
2004-01-01,3.525,0.062
2004-02-01,4.499,0.104
2004-03-01,6.321,0.069
2004-04-01,9.249,0.057
2004-05-01,11.571,0.07
2004-06-01,13.889,0.097
2004-07-01,14.312,0.115
2004-08-01,14.188,0.104
2004-09-01,12.642,0.084
2004-10-01,10.127,0.091
2004-11-01,7.315,0.092
2004-12-01,4.257,0.056
2005-01-01,3.808,0.064
2005-02-01,3.92,0.115
2005-03-01,6.544,0.06
2005-04-01,9.618,0.052
2005-05-01,12.226,0.09
2005-06-01,14.476,0.083
2005-07-01,15.19,0.094
2005-08-01,14.51,0.078
2005-09-01,13.217,0.08
2005-10-01,10.601,0.064
2005-11-01,7.423,0.068
2005-12-01,4.878,0.054
2006-01-01,3.286,0.064
2006-02-01,4.43,0.118
2006-03-01,6.329,0.077
2006-04-01,9.055,0.089
2006-05-01,11.786,0.092
2006-06-01,14.443,0.093
2006-07-01,15.042,0.116
2006-08-01,14.913,0.107
2006-09-01,12.875,0.104
2006-10-01,10.289,0.077
2006-11-01,6.955,0.078
2006-12-01,4.987,0.065
2007-01-01,4.579,0.059
2007-02-01,4.221,0.077
2007-03-01,6.485,0.113
2007-04-01,9.823,0.109
2007-05-01,12.518,0.07
2007-06-01,14.309,0.072
2007-07-01,15.23,0.115
2007-08-01,14.752,0.113
2007-09-01,12.93,0.102
2007-10-01,10.332,0.1
2007-11-01,7.084,0.085
2007-12-01,4.523,0.059
2008-01-01,2.844,0.059
2008-02-01,3.576,0.068
2008-03-01,6.906,0.099
2008-04-01,9.295,0.083
2008-05-01,12.054,0.071
2008-06-01,14.145,0.097
2008-07-01,15.174,0.072
2008-08-01,14.377,0.113
2008-09-01,12.802,0.087
2008-10-01,10.399,0.078
2008-11-01,7.224,0.064
2008-12-01,4.385,0.056
2009-01-01,3.687,0.078
2009-02-01,4.094,0.083
2009-03-01,6.086,0.058
2009-04-01,9.367,0.084
2009-05-01,12.112,0.104
2009-06-01,14.201,0.074
2009-07-01,15.231,0.148
2009-08-01,14.655,0.109
2009-09-01,13.153,0.05
2009-10-01,10.136,0.075
2009-11-01,7.031,0.087
2009-12-01,4.31,0.081
2010-01-01,3.737,0.079
2010-02-01,4.399,0.08
2010-03-01,6.738,0.057
2010-04-01,9.671,0.087
2010-05-01,12.406,0.078
2010-06-01,14.421,0.086
2010-07-01,15.213,0.09
2010-08-01,14.768,0.112
2010-09-01,12.863,0.065
2010-10-01,10.442,0.07
2010-11-01,7.487,0.102
2010-12-01,4.292,0.095
2011-01-01,3.282,0.082
2011-02-01,3.743,0.067
2011-03-01,6.101,0.064
2011-04-01,9.483,0.046
2011-05-01,11.986,0.056
2011-06-01,14.37,0.082
2011-07-01,15.482,0.113
2011-08-01,15.012,0.091
2011-09-01,12.912,0.083
2011-10-01,10.352,0.087
2011-11-01,6.814,0.107
2011-12-01,4.655,0.106
2012-01-01,3.157,0.085
2012-02-01,3.628,0.102
2012-03-01,6.023,0.054
2012-04-01,9.676,0.055
2012-05-01,12.59,0.109
2012-06-01,14.492,0.078
2012-07-01,15.076,0.076
2012-08-01,14.72,0.069
2012-09-01,13.04,0.069
2012-10-01,10.428,0.098
2012-11-01,7.156,0.116
2012-12-01,4.102,0.09
2013-01-01,3.685,0.097
2013-02-01,4.222,0.093
2013-03-01,6.261,0.09
2013-04-01,9.044,0.098
2013-05-01,12.195,0.104
2013-06-01,14.568,0.09
2013-07-01,15.003,0.126
2013-08-01,14.742,0.129
2013-09-01,13.154,0.104
2013-10-01,10.256,0.077
2013-11-01,7.424,0.079
2013-12-01,4.724,0.085
2014-01-01,3.732,0.075
2014-02-01,3.5,0.068
2014-03-01,6.378,0.098
2014-04-01,9.589,0.111
2014-05-01,12.582,0.068
2014-06-01,14.335,0.096
2014-07-01,14.873,0.078
2014-08-01,14.875,0.115
2014-09-01,13.091,0.086
2014-10-01,10.33,0.076
2014-11-01,6.713,0.121
2014-12-01,4.85,0.09
2015-01-01,3.881,0.13
2015-02-01,4.664,0.121
2015-03-01,6.74,0.06
2015-04-01,9.313,0.088
2015-05-01,12.312,0.081
2015-06-01,14.505,0.068
2015-07-01,15.051,0.086
2015-08-01,14.755,0.072
2015-09-01,12.999,0.079
2015-10-01,10.801,0.102
2015-11-01,7.433,0.119
2015-12-01,5.518,0.1
